event_id,customer_id,event_ts,event_type,reward_id,store_id
900855,46,2025-09-03 12:42:00,signup,,1005
903973,199,2025-09-06 09:41:00,signup,,1007
904573,233,2025-09-07 14:31:00,signup,,1004
902964,144,2025-09-08 12:15:00,signup,,1012
902978,144,2025-09-08 15:01:00,earn,,1012
902676,130,2025-09-09 11:46:00,signup,,1006
901544,79,2025-09-09 12:36:00,signup,,1009
902977,144,2025-09-09 12:46:00,earn,,1012
902970,144,2025-09-10 07:14:00,earn,,1012
904384,221,2025-09-10 08:57:00,signup,,1006
902702,130,2025-09-10 18:38:00,earn,,1006
902711,130,2025-09-11 07:38:00,redeem,3,1006
901195,63,2025-09-12 14:17:00,signup,,1008
904412,221,2025-09-14 07:02:00,earn,,1006
903235,158,2025-09-14 08:39:00,signup,,1001
903256,158,2025-09-14 13:58:00,earn,,1001
900389,22,2025-09-16 07:22:00,signup,,1005
904584,233,2025-09-16 09:40:00,earn,,1004
903238,158,2025-09-16 13:46:00,earn,,1001
904605,233,2025-09-16 16:24:00,earn,,1004
902403,119,2025-09-16 16:45:00,signup,,1005
901202,63,2025-09-16 17:44:00,earn,,1008
903265,158,2025-09-17 08:02:00,redeem,5,1001
903451,170,2025-09-17 17:19:00,signup,,1002
902989,144,2025-09-18 07:04:00,earn,,1012
902684,130,2025-09-18 08:41:00,earn,,1006
904419,221,2025-09-18 15:09:00,earn,,1006
904420,221,2025-09-18 15:39:00,redeem,6,1006
902707,130,2025-09-19 10:14:00,redeem,2,1006
903263,158,2025-09-19 10:22:00,redeem,6,1001
902703,130,2025-09-19 10:46:00,earn,,1006
900407,22,2025-09-19 11:39:00,earn,,1005
900416,22,2025-09-20 14:06:00,redeem,4,1005
903992,199,2025-09-21 10:24:00,earn,,1007
902981,144,2025-09-21 16:11:00,earn,,1012
904387,221,2025-09-21 18:22:00,earn,,1006
902709,130,2025-09-21 18:26:00,redeem,4,1006
902705,130,2025-09-21 18:51:00,redeem,6,1006
901338,69,2025-09-22 12:27:00,signup,,1002
902439,119,2025-09-22 14:37:00,earn,,1005
904385,221,2025-09-23 12:32:00,earn,,1006
900201,12,2025-09-24 11:55:00,signup,,1006
903245,158,2025-09-24 14:40:00,earn,,1001
904981,253,2025-09-25 15:45:00,signup,,1001
903986,199,2025-09-29 08:26:00,earn,,1007
902687,130,2025-09-30 08:41:00,earn,,1006
901213,63,2025-10-01 07:39:00,earn,,1008
902748,134,2025-10-01 07:50:00,signup,,1005
902345,117,2025-10-01 14:03:00,signup,,1009
905004,253,2025-10-02 07:48:00,earn,,1001
901904,92,2025-10-02 17:43:00,signup,,1010
902371,117,2025-10-03 13:46:00,earn,,1009
901591,80,2025-10-03 14:51:00,signup,,1010
900208,12,2025-10-03 18:45:00,earn,,1006
901347,69,2025-10-04 17:10:00,earn,,1002
902093,103,2025-10-05 07:04:00,signup,,1004
903625,182,2025-10-05 07:11:00,signup,,1007
901615,80,2025-10-06 08:22:00,earn,,1010
901921,92,2025-10-06 09:51:00,earn,,1010
901564,79,2025-10-07 11:10:00,earn,,1009
900402,22,2025-10-07 12:27:00,earn,,1005
904400,221,2025-10-07 14:03:00,earn,,1006
900410,22,2025-10-08 08:50:00,earn,,1005
902681,130,2025-10-08 09:18:00,earn,,1006
902550,123,2025-10-08 10:21:00,earn,,1002
902533,123,2025-10-08 14:33:00,signup,,1002
904417,221,2025-10-08 15:31:00,earn,,1006
904603,233,2025-10-08 16:41:00,earn,,1004
904950,252,2025-10-09 09:28:00,signup,,1009
904450,224,2025-10-09 16:34:00,signup,,1007
902712,130,2025-10-10 07:00:00,tier_change,,1006
903066,149,2025-10-10 08:07:00,signup,,1001
901611,80,2025-10-10 11:33:00,earn,,1010
904611,234,2025-10-10 12:12:00,signup,,1006
902562,123,2025-10-10 12:25:00,earn,,1002
901547,79,2025-10-10 12:58:00,earn,,1009
903173,155,2025-10-10 15:13:00,signup,,1008
901361,69,2025-10-10 17:39:00,redeem,4,1002
902432,119,2025-10-11 10:25:00,earn,,1005
904593,233,2025-10-11 10:45:00,earn,,1004
902122,103,2025-10-11 18:43:00,redeem,6,1004
902690,130,2025-10-12 08:08:00,earn,,1006
901016,54,2025-10-12 12:41:00,signup,,1012
902557,123,2025-10-12 14:29:00,earn,,1002
900876,46,2025-10-12 18:28:00,earn,,1005
901562,79,2025-10-12 18:49:00,earn,,1009
901940,93,2025-10-13 17:47:00,signup,,1006
904463,224,2025-10-13 17:57:00,earn,,1007
904407,221,2025-10-14 16:21:00,earn,,1006
902984,144,2025-10-14 18:51:00,earn,,1012
902561,123,2025-10-15 07:36:00,earn,,1002
903743,187,2025-10-15 07:43:00,earn,,1008
902125,103,2025-10-15 07:56:00,redeem,2,1004
904264,212,2025-10-15 08:21:00,earn,,1007
904246,212,2025-10-15 11:52:00,signup,,1007
904087,203,2025-10-15 12:04:00,signup,,1002
902404,119,2025-10-15 15:27:00,earn,,1005
903736,187,2025-10-15 16:08:00,signup,,1008
901559,79,2025-10-15 17:50:00,earn,,1009
902536,123,2025-10-16 07:47:00,earn,,1002
903460,170,2025-10-16 09:17:00,earn,,1002
904640,234,2025-10-16 09:26:00,earn,,1006
904621,234,2025-10-16 10:32:00,earn,,1006
902751,134,2025-10-16 14:05:00,earn,,1005
902706,130,2025-10-16 14:19:00,redeem,1,1006
901027,54,2025-10-17 10:58:00,earn,,1012
901566,79,2025-10-17 11:56:00,earn,,1009
900019,3,2025-10-17 12:14:00,signup,,1002
900577,31,2025-10-18 07:37:00,signup,,1012
904225,211,2025-10-18 08:30:00,signup,,1005
903259,158,2025-10-18 09:09:00,earn,,1001
902096,103,2025-10-18 10:33:00,earn,,1004
904034,201,2025-10-18 13:35:00,signup,,1008
901574,79,2025-10-19 07:05:00,earn,,1009
903252,158,2025-10-19 11:29:00,earn,,1001
901640,80,2025-10-19 13:12:00,redeem,2,1010
903483,170,2025-10-19 15:42:00,redeem,2,1002
902754,134,2025-10-19 18:01:00,earn,,1005
902969,144,2025-10-20 08:28:00,earn,,1012
904614,234,2025-10-20 10:01:00,earn,,1006
902987,144,2025-10-20 11:34:00,earn,,1012
902678,130,2025-10-21 07:21:00,earn,,1006
900976,53,2025-10-21 07:29:00,signup,,1003
901650,80,2025-10-21 08:30:00,redeem,3,1010
903012,147,2025-10-21 10:00:00,signup,,1001
904474,225,2025-10-21 14:58:00,signup,,1008
900795,44,2025-10-21 15:58:00,signup,,1002
904642,234,2025-10-21 17:46:00,earn,,1006
904402,221,2025-10-22 10:51:00,earn,,1006
904273,212,2025-10-22 18:30:00,earn,,1007
904606,233,2025-10-22 18:32:00,earn,,1004
900037,3,2025-10-23 11:01:00,earn,,1002
901218,63,2025-10-23 11:22:00,earn,,1008
903946,198,2025-10-23 12:48:00,signup,,1004
904045,201,2025-10-23 13:29:00,earn,,1008
904253,212,2025-10-23 15:02:00,earn,,1007
902510,122,2025-10-23 15:35:00,signup,,1012
905121,258,2025-10-23 16:25:00,signup,,1007
903255,158,2025-10-23 17:27:00,earn,,1001
905039,255,2025-10-24 09:18:00,signup,,1010
901001,53,2025-10-24 16:58:00,earn,,1003
901201,63,2025-10-24 17:05:00,earn,,1008
902451,119,2025-10-24 18:41:00,redeem,1,1005
903043,147,2025-10-25 08:04:00,earn,,1001
903740,187,2025-10-25 08:09:00,earn,,1008
903454,170,2025-10-25 08:24:00,earn,,1002
901612,80,2025-10-25 14:41:00,earn,,1010
900799,44,2025-10-25 17:23:00,earn,,1002
903777,189,2025-10-26 10:39:00,signup,,1001
902113,103,2025-10-26 13:20:00,earn,,1004
904627,234,2025-10-26 13:52:00,earn,,1006
901725,85,2025-10-26 17:05:00,signup,,1007
900990,53,2025-10-27 09:23:00,earn,,1003
900595,31,2025-10-27 11:28:00,earn,,1012
900419,23,2025-10-27 12:20:00,signup,,1007
904956,252,2025-10-27 14:22:00,earn,,1009
901736,85,2025-10-27 17:17:00,earn,,1007
900858,46,2025-10-27 17:27:00,earn,,1005
900431,23,2025-10-27 17:43:00,earn,,1007
902556,123,2025-10-28 07:27:00,earn,,1002
902774,134,2025-10-28 08:32:00,earn,,1005
904996,253,2025-10-28 09:19:00,earn,,1001
901023,54,2025-10-28 09:35:00,earn,,1012
902444,119,2025-10-28 13:40:00,redeem,1,1005
901685,83,2025-10-29 07:55:00,signup,,1007
901936,92,2025-10-29 10:38:00,redeem,4,1010
903635,182,2025-10-29 14:17:00,earn,,1007
901743,85,2025-10-29 15:50:00,earn,,1007
905001,253,2025-10-29 16:24:00,earn,,1001
901939,92,2025-10-30 07:08:00,redeem,2,1010
901621,80,2025-10-30 12:40:00,earn,,1010
901040,54,2025-10-30 12:41:00,earn,,1012
903417,169,2025-10-30 13:24:00,signup,,1001
902677,130,2025-10-30 15:49:00,earn,,1006
901351,69,2025-10-30 16:07:00,earn,,1002
904491,225,2025-10-30 18:20:00,earn,,1008
901739,85,2025-10-31 07:14:00,earn,,1007
902993,144,2025-10-31 08:49:00,earn,,1012
901506,78,2025-10-31 09:16:00,signup,,1007
905165,260,2025-10-31 09:24:00,signup,,1004
900809,44,2025-10-31 10:36:00,earn,,1002
903631,182,2025-10-31 11:52:00,earn,,1007
903802,189,2025-10-31 13:04:00,redeem,6,1001
903418,169,2025-10-31 15:24:00,earn,,1001
904066,201,2025-10-31 17:55:00,earn,,1008
902697,130,2025-11-01 07:33:00,earn,,1006
901354,69,2025-11-01 09:21:00,earn,,1002
902769,134,2025-11-01 10:31:00,earn,,1005
902586,125,2025-11-01 11:39:00,signup,,1008
903984,199,2025-11-01 13:45:00,earn,,1007
905193,260,2025-11-01 14:55:00,redeem,6,1004
901737,85,2025-11-01 15:53:00,earn,,1007
900801,44,2025-11-01 17:39:00,earn,,1002
902412,119,2025-11-01 17:49:00,earn,,1005
905007,253,2025-11-01 18:16:00,earn,,1001
903750,187,2025-11-02 10:18:00,earn,,1008
901021,54,2025-11-02 15:01:00,earn,,1012
901030,54,2025-11-02 15:44:00,earn,,1012
905198,260,2025-11-03 08:04:00,redeem,2,1004
904951,252,2025-11-03 08:12:00,earn,,1009
902369,117,2025-11-03 13:28:00,earn,,1009
905009,253,2025-11-03 14:54:00,earn,,1001
905012,253,2025-11-03 15:29:00,redeem,2,1001
904488,225,2025-11-03 15:32:00,earn,,1008
905196,260,2025-11-03 15:36:00,redeem,2,1004
904004,199,2025-11-03 15:55:00,redeem,2,1007
903647,182,2025-11-03 16:18:00,earn,,1007
901742,85,2025-11-03 16:37:00,earn,,1007
904972,252,2025-11-03 16:46:00,earn,,1009
901944,93,2025-11-03 16:51:00,earn,,1006
902226,109,2025-11-04 07:47:00,signup,,1002
901598,80,2025-11-04 11:05:00,earn,,1010
902240,109,2025-11-04 16:47:00,earn,,1002
905075,255,2025-11-05 07:12:00,redeem,2,1010
903804,190,2025-11-05 13:42:00,signup,,1002
901956,93,2025-11-05 14:22:00,earn,,1006
901025,54,2025-11-05 14:52:00,earn,,1012
904458,224,2025-11-05 17:44:00,earn,,1007
904620,234,2025-11-05 17:56:00,earn,,1006
902437,119,2025-11-06 13:03:00,earn,,1005
902106,103,2025-11-06 18:56:00,earn,,1004
901608,80,2025-11-07 07:17:00,earn,,1010
901348,69,2025-11-07 09:43:00,earn,,1002
901630,80,2025-11-07 11:56:00,earn,,1010
903751,187,2025-11-07 12:11:00,earn,,1008
903632,182,2025-11-07 14:49:00,earn,,1007
904071,201,2025-11-07 14:56:00,redeem,6,1008
904581,233,2025-11-07 15:51:00,earn,,1004
903783,189,2025-11-07 18:09:00,earn,,1001
900433,23,2025-11-08 07:00:00,earn,,1007
900572,30,2025-11-08 08:07:00,redeem,6,1011
902120,103,2025-11-08 12:05:00,redeem,6,1004
900582,31,2025-11-08 12:08:00,earn,,1012
900542,30,2025-11-08 12:09:00,signup,,1011
903475,170,2025-11-08 16:22:00,earn,,1002
905044,255,2025-11-08 16:42:00,earn,,1010
903739,187,2025-11-08 17:24:00,earn,,1008
900982,53,2025-11-09 13:58:00,earn,,1003
904255,212,2025-11-09 14:38:00,earn,,1007
901507,78,2025-11-09 18:39:00,earn,,1007
903046,147,2025-11-10 11:12:00,redeem,1,1001
902762,134,2025-11-10 11:42:00,earn,,1005
904404,221,2025-11-10 11:57:00,earn,,1006
903808,190,2025-11-10 13:17:00,earn,,1002
900318,20,2025-11-10 13:44:00,signup,,1005
904646,234,2025-11-10 13:47:00,redeem,2,1006
904587,233,2025-11-10 16:33:00,earn,,1004
902450,119,2025-11-10 18:18:00,redeem,3,1005
902406,119,2025-11-10 18:25:00,earn,,1005
904637,234,2025-11-10 18:59:00,earn,,1006
901920,92,2025-11-11 08:14:00,earn,,1010
903843,193,2025-11-11 11:21:00,signup,,1009
902428,119,2025-11-11 14:03:00,earn,,1005
902597,125,2025-11-11 15:16:00,earn,,1008
902108,103,2025-11-11 18:22:00,earn,,1004
900812,45,2025-11-12 08:15:00,signup,,1006
904156,207,2025-11-12 09:48:00,signup,,1002
900323,20,2025-11-12 14:26:00,earn,,1005
901637,80,2025-11-12 15:35:00,redeem,5,1010
901531,78,2025-11-12 17:35:00,earn,,1007
901694,83,2025-11-13 07:33:00,earn,,1007
900839,45,2025-11-13 07:40:00,earn,,1006
901928,92,2025-11-13 08:27:00,earn,,1010
904049,201,2025-11-13 08:37:00,earn,,1008
902159,106,2025-11-13 09:21:00,signup,,1003
901521,78,2025-11-13 10:30:00,earn,,1007
900339,20,2025-11-13 12:07:00,earn,,1005
903763,187,2025-11-13 12:29:00,redeem,6,1008
904169,207,2025-11-13 12:57:00,earn,,1002
901948,93,2025-11-13 16:25:00,earn,,1006
901555,79,2025-11-13 18:09:00,earn,,1009
902696,130,2025-11-14 09:21:00,earn,,1006
902119,103,2025-11-14 10:21:00,redeem,6,1004
903485,170,2025-11-14 12:00:00,tier_change,,1002
900993,53,2025-11-14 15:41:00,earn,,1003
900979,53,2025-11-14 16:35:00,earn,,1003
902427,119,2025-11-15 09:16:00,earn,,1005
902429,119,2025-11-15 12:09:00,earn,,1005
903851,193,2025-11-15 13:35:00,earn,,1009
902446,119,2025-11-15 16:07:00,redeem,1,1005
900219,12,2025-11-15 16:44:00,earn,,1006
904636,234,2025-11-16 08:19:00,earn,,1006
900815,45,2025-11-16 10:23:00,earn,,1006
904484,225,2025-11-16 11:02:00,earn,,1008
903960,198,2025-11-16 11:29:00,earn,,1004
902423,119,2025-11-16 11:44:00,earn,,1005
900985,53,2025-11-16 12:28:00,earn,,1003
900814,45,2025-11-16 16:16:00,earn,,1006
902527,122,2025-11-16 16:34:00,earn,,1012
900841,45,2025-11-16 16:58:00,earn,,1006
901259,65,2025-11-17 08:38:00,signup,,1009
903779,189,2025-11-17 10:53:00,earn,,1001
904403,221,2025-11-17 11:08:00,earn,,1006
905168,260,2025-11-17 11:08:00,earn,,1004
905148,258,2025-11-17 14:37:00,earn,,1007
901210,63,2025-11-17 14:51:00,earn,,1008
905071,255,2025-11-17 17:01:00,redeem,2,1010
900395,22,2025-11-18 10:21:00,earn,,1005
901969,93,2025-11-18 13:07:00,redeem,2,1006
902431,119,2025-11-18 15:07:00,earn,,1005
900221,12,2025-11-18 15:37:00,earn,,1006
902184,106,2025-11-19 08:11:00,redeem,2,1003
902750,134,2025-11-19 13:24:00,earn,,1005
904047,201,2025-11-19 13:41:00,earn,,1008
903748,187,2025-11-19 16:04:00,earn,,1008
902605,125,2025-11-19 18:02:00,redeem,6,1008
902538,123,2025-11-19 18:22:00,earn,,1002
900212,12,2025-11-20 07:16:00,earn,,1006
902263,109,2025-11-21 10:43:00,redeem,6,1002
905043,255,2025-11-21 15:28:00,earn,,1010
901024,54,2025-11-22 10:34:00,earn,,1012
901214,63,2025-11-22 10:51:00,earn,,1008
900143,10,2025-11-22 12:17:00,signup,,1005
903181,155,2025-11-22 15:18:00,earn,,1008
900605,31,2025-11-22 15:36:00,redeem,5,1012
904410,221,2025-11-22 15:51:00,earn,,1006
900625,33,2025-11-22 16:56:00,signup,,1009
901584,79,2025-11-22 17:02:00,redeem,3,1009
903195,157,2025-11-23 09:39:00,signup,,1001
901549,79,2025-11-23 09:52:00,earn,,1009
901592,80,2025-11-23 10:48:00,earn,,1010
900029,3,2025-11-23 13:23:00,earn,,1002
903441,169,2025-11-23 14:00:00,earn,,1001
904625,234,2025-11-23 14:54:00,earn,,1006
904389,221,2025-11-23 15:03:00,earn,,1006
905070,255,2025-11-23 15:22:00,redeem,4,1010
904010,200,2025-11-23 15:36:00,signup,,1008
900873,46,2025-11-23 17:56:00,earn,,1005
904494,225,2025-11-24 10:00:00,redeem,4,1008
902555,123,2025-11-24 10:08:00,earn,,1002
905137,258,2025-11-24 10:59:00,earn,,1007
903001,144,2025-11-24 11:13:00,redeem,1,1012
903967,198,2025-11-24 12:07:00,earn,,1004
901307,68,2025-11-24 15:05:00,signup,,1010
904008,199,2025-11-24 15:48:00,redeem,4,1007
904663,237,2025-11-24 16:50:00,signup,,1011
904188,207,2025-11-24 17:41:00,redeem,6,1002
903197,157,2025-11-24 18:23:00,earn,,1001
903786,189,2025-11-24 18:57:00,earn,,1001
901617,80,2025-11-25 07:41:00,earn,,1010
903658,182,2025-11-25 08:45:00,earn,,1007
904879,249,2025-11-25 09:59:00,signup,,1004
904583,233,2025-11-25 10:25:00,earn,,1004
901274,65,2025-11-25 14:19:00,earn,,1009
903876,193,2025-11-25 16:52:00,redeem,2,1009
900980,53,2025-11-26 07:45:00,earn,,1003
901280,65,2025-11-26 08:48:00,redeem,4,1009
904110,203,2025-11-26 09:36:00,redeem,2,1002
901004,53,2025-11-26 10:18:00,earn,,1003
900819,45,2025-11-26 10:22:00,earn,,1006
901541,78,2025-11-26 13:11:00,redeem,4,1007
903246,158,2025-11-26 13:31:00,earn,,1001
900600,31,2025-11-26 13:35:00,earn,,1012
902356,117,2025-11-26 14:04:00,earn,,1009
902417,119,2025-11-26 16:39:00,earn,,1005
904019,200,2025-11-27 10:08:00,earn,,1008
900588,31,2025-11-27 10:15:00,earn,,1012
900808,44,2025-11-27 10:57:00,earn,,1002
902558,123,2025-11-27 11:34:00,earn,,1002
902160,106,2025-11-27 14:30:00,earn,,1003
903704,186,2025-11-27 14:35:00,signup,,1011
900824,45,2025-11-27 15:12:00,earn,,1006
903049,147,2025-11-27 15:13:00,redeem,3,1001
904602,233,2025-11-27 17:44:00,earn,,1004
901321,68,2025-11-28 08:02:00,earn,,1010
900424,23,2025-11-28 08:20:00,earn,,1007
904612,234,2025-11-28 14:06:00,earn,,1006
904578,233,2025-11-28 14:48:00,earn,,1004
903758,187,2025-11-28 17:38:00,earn,,1008
901747,85,2025-11-28 17:57:00,earn,,1007
900883,46,2025-11-28 18:53:00,redeem,1,1005
904886,249,2025-11-29 08:35:00,earn,,1004
904092,203,2025-11-29 09:25:00,earn,,1002
904842,248,2025-11-29 11:23:00,signup,,1003
901628,80,2025-11-29 12:19:00,earn,,1010
904574,233,2025-11-29 13:14:00,earn,,1004
901695,83,2025-11-29 15:09:00,earn,,1007
901740,85,2025-11-29 16:59:00,earn,,1007
903778,189,2025-11-29 17:16:00,earn,,1001
902603,125,2025-11-29 18:17:00,redeem,1,1008
902998,144,2025-11-30 08:36:00,earn,,1012
901197,63,2025-11-30 10:23:00,earn,,1008
903810,190,2025-11-30 12:13:00,earn,,1002
903809,190,2025-11-30 14:02:00,earn,,1002
904877,248,2025-11-30 16:19:00,redeem,3,1003
904962,252,2025-11-30 17:24:00,earn,,1009
904166,207,2025-11-30 18:07:00,earn,,1002
901538,78,2025-11-30 18:13:00,redeem,3,1007
901560,79,2025-11-30 18:27:00,earn,,1009
902410,119,2025-12-01 07:37:00,earn,,1005
903964,198,2025-12-01 08:15:00,earn,,1004
901738,85,2025-12-01 12:29:00,earn,,1007
904483,225,2025-12-01 16:11:00,earn,,1008
904173,207,2025-12-02 07:21:00,earn,,1002
904861,248,2025-12-02 07:43:00,earn,,1003
901654,80,2025-12-02 08:00:00,tier_change,,1010
901752,85,2025-12-02 08:46:00,redeem,1,1007
903394,167,2025-12-02 10:54:00,signup,,1008
902571,123,2025-12-02 11:05:00,redeem,6,1002
902244,109,2025-12-02 11:55:00,earn,,1002
901632,80,2025-12-02 16:21:00,earn,,1010
904179,207,2025-12-02 18:02:00,earn,,1002
902541,123,2025-12-03 08:27:00,earn,,1002
904912,249,2025-12-03 10:37:00,redeem,3,1004
905067,255,2025-12-03 12:28:00,earn,,1010
900852,45,2025-12-03 14:08:00,redeem,2,1006
900643,33,2025-12-03 16:12:00,earn,,1009
904046,201,2025-12-03 16:48:00,earn,,1008
900634,33,2025-12-03 17:01:00,earn,,1009
904666,237,2025-12-03 17:59:00,earn,,1011
905041,255,2025-12-03 18:46:00,earn,,1010
902692,130,2025-12-04 08:43:00,earn,,1006
905144,258,2025-12-04 14:01:00,earn,,1007
905051,255,2025-12-04 14:42:00,earn,,1010
904054,201,2025-12-04 18:08:00,earn,,1008
905053,255,2025-12-04 18:15:00,earn,,1010
902099,103,2025-12-05 07:09:00,earn,,1004
900352,20,2025-12-05 07:21:00,earn,,1005
903182,155,2025-12-05 07:59:00,earn,,1008
902992,144,2025-12-05 12:36:00,earn,,1012
903673,184,2025-12-05 14:47:00,signup,,1007
904599,233,2025-12-05 18:34:00,earn,,1004
902352,117,2025-12-06 07:46:00,earn,,1009
904238,211,2025-12-06 08:30:00,earn,,1005
902845,140,2025-12-06 08:46:00,signup,,1011
903680,184,2025-12-06 10:46:00,earn,,1007
904874,248,2025-12-06 10:56:00,redeem,5,1003
901998,97,2025-12-06 10:59:00,signup,,1002
903473,170,2025-12-06 12:16:00,earn,,1002
902532,122,2025-12-06 13:00:00,tier_change,,1012
904022,200,2025-12-06 13:15:00,earn,,1008
902871,140,2025-12-06 14:14:00,earn,,1011
903996,199,2025-12-06 15:05:00,earn,,1007
903037,147,2025-12-06 17:25:00,earn,,1001
905014,253,2025-12-06 18:01:00,redeem,4,1001
904457,224,2025-12-06 18:40:00,earn,,1007
904959,252,2025-12-07 09:47:00,earn,,1009
901326,68,2025-12-07 09:58:00,earn,,1010
903482,170,2025-12-07 10:48:00,redeem,2,1002
900638,33,2025-12-07 15:54:00,earn,,1009
903731,186,2025-12-07 17:43:00,redeem,1,1011
902873,140,2025-12-07 18:57:00,earn,,1011
905187,260,2025-12-08 08:44:00,earn,,1004
903745,187,2025-12-08 08:57:00,earn,,1008
902519,122,2025-12-08 11:30:00,earn,,1012
902524,122,2025-12-08 12:00:00,earn,,1012
903749,187,2025-12-08 12:03:00,earn,,1008
904878,248,2025-12-08 12:06:00,redeem,5,1003
904919,249,2025-12-08 13:24:00,redeem,5,1004
902063,102,2025-12-08 14:51:00,signup,,1008
904969,252,2025-12-08 15:51:00,earn,,1009
905128,258,2025-12-08 17:59:00,earn,,1007
903186,155,2025-12-09 07:25:00,earn,,1008
901342,69,2025-12-09 07:51:00,earn,,1002
900591,31,2025-12-09 08:51:00,earn,,1012
900325,20,2025-12-09 12:23:00,earn,,1005
901015,53,2025-12-09 13:28:00,redeem,4,1003
903239,158,2025-12-09 14:43:00,earn,,1001
900340,20,2025-12-09 14:51:00,earn,,1005
904187,207,2025-12-09 15:29:00,redeem,4,1002
903078,149,2025-12-09 15:52:00,earn,,1001
902364,117,2025-12-09 17:47:00,earn,,1009
903233,157,2025-12-10 11:24:00,redeem,2,1001
904232,211,2025-12-10 11:33:00,earn,,1005
903729,186,2025-12-10 13:54:00,redeem,5,1011
905124,258,2025-12-10 13:56:00,earn,,1007
903653,182,2025-12-10 14:32:00,earn,,1007
903472,170,2025-12-10 14:36:00,earn,,1002
900879,46,2025-12-10 16:02:00,earn,,1005
900586,31,2025-12-10 16:18:00,earn,,1012
903849,193,2025-12-10 16:59:00,earn,,1009
904103,203,2025-12-10 17:51:00,earn,,1002
901026,54,2025-12-10 18:43:00,earn,,1012
902443,119,2025-12-11 07:55:00,redeem,3,1005
900816,45,2025-12-11 08:21:00,earn,,1006
904985,253,2025-12-11 08:57:00,earn,,1001
900174,10,2025-12-11 10:31:00,redeem,2,1005
903469,170,2025-12-11 10:37:00,earn,,1002
903205,157,2025-12-11 11:24:00,earn,,1001
900831,45,2025-12-11 12:26:00,earn,,1006
902170,106,2025-12-11 14:28:00,earn,,1003
905183,260,2025-12-11 16:52:00,earn,,1004
902102,103,2025-12-11 17:11:00,earn,,1004
901908,92,2025-12-11 17:25:00,earn,,1010
903459,170,2025-12-11 17:31:00,earn,,1002
903106,151,2025-12-12 10:58:00,signup,,1002
901363,70,2025-12-12 12:42:00,signup,,1007
904610,233,2025-12-12 14:00:00,tier_change,,1004
900177,10,2025-12-12 14:48:00,redeem,6,1005
905135,258,2025-12-12 15:47:00,earn,,1007
902682,130,2025-12-12 16:00:00,earn,,1006
902129,103,2025-12-13 07:00:00,tier_change,,1004
901395,70,2025-12-13 08:18:00,redeem,6,1007
902589,125,2025-12-13 09:04:00,earn,,1008
902775,134,2025-12-13 09:59:00,earn,,1005
901199,63,2025-12-13 10:11:00,earn,,1008
904356,219,2025-12-13 14:30:00,signup,,1001
905055,255,2025-12-13 16:46:00,earn,,1010
900336,20,2025-12-13 18:42:00,earn,,1005
905152,258,2025-12-14 07:05:00,redeem,2,1007
904863,248,2025-12-14 07:17:00,earn,,1003
904957,252,2025-12-14 08:38:00,earn,,1009
902523,122,2025-12-14 08:54:00,earn,,1012
900757,42,2025-12-14 11:13:00,signup,,1008
901952,93,2025-12-14 11:37:00,earn,,1006
902966,144,2025-12-14 14:59:00,earn,,1012
903399,167,2025-12-14 17:17:00,earn,,1008
903249,158,2025-12-14 18:12:00,earn,,1001
903659,182,2025-12-14 18:28:00,redeem,1,1007
902606,125,2025-12-15 08:02:00,redeem,4,1008
903371,165,2025-12-15 09:03:00,redeem,3,1011
901999,97,2025-12-15 09:37:00,earn,,1002
903349,165,2025-12-15 10:10:00,signup,,1011
900401,22,2025-12-15 12:15:00,earn,,1005
902118,103,2025-12-15 13:00:00,earn,,1004
900866,46,2025-12-15 13:57:00,earn,,1005
900988,53,2025-12-15 15:09:00,earn,,1003
901389,70,2025-12-15 15:46:00,earn,,1007
900157,10,2025-12-15 18:41:00,earn,,1005
901387,70,2025-12-15 18:43:00,earn,,1007
901910,92,2025-12-16 07:15:00,earn,,1010
904031,200,2025-12-16 07:38:00,earn,,1008
900437,23,2025-12-16 10:31:00,redeem,2,1007
900856,46,2025-12-16 10:50:00,earn,,1005
900178,10,2025-12-16 12:12:00,redeem,1,1005
904181,207,2025-12-16 12:51:00,earn,,1002
903760,187,2025-12-16 13:56:00,earn,,1008
900147,10,2025-12-16 13:58:00,earn,,1005
901399,71,2025-12-16 16:42:00,signup,,1001
901943,93,2025-12-16 17:59:00,earn,,1006
900631,33,2025-12-16 18:36:00,earn,,1009
901391,70,2025-12-17 07:02:00,earn,,1007
900148,10,2025-12-17 07:21:00,earn,,1005
904098,203,2025-12-17 07:48:00,earn,,1002
905155,258,2025-12-17 13:46:00,redeem,3,1007
904588,233,2025-12-17 14:28:00,earn,,1004
900350,20,2025-12-17 16:41:00,earn,,1005
903855,193,2025-12-18 07:19:00,earn,,1009
903977,199,2025-12-18 09:50:00,earn,,1007
900590,31,2025-12-18 11:28:00,earn,,1012
901568,79,2025-12-18 11:41:00,earn,,1009
905154,258,2025-12-18 13:26:00,redeem,1,1007
904044,201,2025-12-18 13:46:00,earn,,1008
900609,31,2025-12-18 14:00:00,tier_change,,1012
901212,63,2025-12-18 15:56:00,earn,,1008
900435,23,2025-12-18 15:56:00,earn,,1007
902435,119,2025-12-18 17:41:00,earn,,1005
901410,71,2025-12-18 18:47:00,earn,,1001
900347,20,2025-12-19 07:50:00,earn,,1005
901970,93,2025-12-19 09:00:00,redeem,4,1006
903222,157,2025-12-19 09:27:00,earn,,1001
903794,189,2025-12-19 09:44:00,earn,,1001
904294,215,2025-12-19 11:09:00,signup,,1005
901829,89,2025-12-19 14:08:00,signup,,1006
904415,221,2025-12-19 14:40:00,earn,,1006
900042,3,2025-12-19 15:02:00,earn,,1002
900213,12,2025-12-19 15:17:00,earn,,1006
902182,106,2025-12-19 16:48:00,earn,,1003
904683,237,2025-12-19 16:49:00,earn,,1011
901733,85,2025-12-19 17:18:00,earn,,1007
904899,249,2025-12-19 17:37:00,earn,,1004
902373,117,2025-12-19 18:17:00,earn,,1009
903952,198,2025-12-19 18:32:00,earn,,1004
904388,221,2025-12-20 07:33:00,earn,,1006
900557,30,2025-12-20 08:22:00,earn,,1011
901925,92,2025-12-20 09:00:00,earn,,1010
900560,30,2025-12-20 09:01:00,earn,,1011
901162,62,2025-12-20 10:50:00,signup,,1007
903660,182,2025-12-20 14:05:00,redeem,4,1007
900348,20,2025-12-20 16:34:00,earn,,1005
901646,80,2025-12-20 16:47:00,redeem,3,1010
901323,68,2025-12-20 16:52:00,earn,,1010
904230,211,2025-12-20 17:02:00,earn,,1005
900767,42,2025-12-20 17:54:00,earn,,1008
903867,193,2025-12-21 08:25:00,earn,,1009
902185,107,2025-12-21 08:40:00,signup,,1004
904096,203,2025-12-21 10:13:00,earn,,1002
903470,170,2025-12-21 10:39:00,earn,,1002
904983,253,2025-12-21 11:58:00,earn,,1001
901357,69,2025-12-21 12:48:00,earn,,1002
900826,45,2025-12-21 13:07:00,earn,,1006
901381,70,2025-12-21 13:19:00,earn,,1007
902105,103,2025-12-21 14:45:00,earn,,1004
901373,70,2025-12-21 16:27:00,earn,,1007
901412,71,2025-12-21 18:09:00,earn,,1001
902553,123,2025-12-22 07:33:00,earn,,1002
900548,30,2025-12-22 07:46:00,earn,,1011
904060,201,2025-12-22 08:08:00,earn,,1008
901340,69,2025-12-22 09:06:00,earn,,1002
904906,249,2025-12-22 09:27:00,earn,,1004
901561,79,2025-12-22 10:06:00,earn,,1009
903881,194,2025-12-22 13:31:00,signup,,1008
903856,193,2025-12-22 16:53:00,earn,,1009
905088,257,2025-12-22 17:05:00,signup,,1002
900862,46,2025-12-22 18:05:00,earn,,1005
904029,200,2025-12-23 09:29:00,earn,,1008
902259,109,2025-12-23 09:33:00,earn,,1002
904111,203,2025-12-23 10:00:00,tier_change,,1002
900871,46,2025-12-23 10:22:00,earn,,1005
904011,200,2025-12-23 10:47:00,earn,,1008
903241,158,2025-12-23 11:03:00,earn,,1001
900587,31,2025-12-23 11:04:00,earn,,1012
900699,38,2025-12-23 11:06:00,earn,,1007
904104,203,2025-12-23 11:10:00,earn,,1002
904678,237,2025-12-23 11:39:00,earn,,1011
900694,38,2025-12-23 11:46:00,signup,,1007
902529,122,2025-12-23 16:50:00,earn,,1012
901539,78,2025-12-23 18:15:00,redeem,3,1007
901711,83,2025-12-23 18:45:00,redeem,6,1007
903126,151,2025-12-24 09:17:00,earn,,1002
903545,178,2025-12-24 09:23:00,signup,,1002
904005,199,2025-12-24 11:04:00,redeem,3,1007
903766,187,2025-12-24 11:27:00,redeem,6,1008
900987,53,2025-12-24 11:34:00,earn,,1003
900822,45,2025-12-24 12:54:00,earn,,1006
903369,165,2025-12-24 13:20:00,earn,,1011
900714,38,2025-12-24 14:30:00,earn,,1007
901180,62,2025-12-24 14:37:00,earn,,1007
904481,225,2025-12-24 15:22:00,earn,,1008
903127,151,2025-12-24 16:24:00,earn,,1002
902078,102,2025-12-25 07:59:00,earn,,1008
905059,255,2025-12-25 08:58:00,earn,,1010
903187,155,2025-12-25 10:05:00,earn,,1008
901176,62,2025-12-25 10:55:00,earn,,1007
904643,234,2025-12-25 11:04:00,earn,,1006
904843,248,2025-12-25 11:36:00,earn,,1003
904102,203,2025-12-25 12:04:00,earn,,1002
900436,23,2025-12-25 15:29:00,earn,,1007
903328,163,2025-12-25 16:30:00,signup,,1001
902882,140,2025-12-25 17:53:00,redeem,2,1011
903397,167,2025-12-25 18:40:00,earn,,1008
902413,119,2025-12-25 18:43:00,earn,,1005
904091,203,2025-12-26 07:36:00,earn,,1002
900589,31,2025-12-26 10:34:00,earn,,1012
902710,130,2025-12-26 10:42:00,redeem,3,1006
901513,78,2025-12-26 11:10:00,earn,,1007
902411,119,2025-12-26 11:37:00,earn,,1005
901938,92,2025-12-26 13:53:00,redeem,4,1010
904088,203,2025-12-26 13:58:00,earn,,1002
904617,234,2025-12-26 15:04:00,earn,,1006
902171,106,2025-12-26 16:19:00,earn,,1003
901570,79,2025-12-27 08:46:00,earn,,1009
904007,199,2025-12-27 10:26:00,redeem,6,1007
900581,31,2025-12-27 14:44:00,earn,,1012
901397,70,2025-12-27 15:44:00,redeem,3,1007
903547,178,2025-12-27 15:56:00,earn,,1002
903464,170,2025-12-27 17:34:00,earn,,1002
900640,33,2025-12-27 18:12:00,earn,,1009
902535,123,2025-12-27 18:33:00,earn,,1002
900468,27,2025-12-28 08:49:00,signup,,1011
901388,70,2025-12-28 09:25:00,earn,,1007
901622,80,2025-12-28 09:55:00,earn,,1010
902565,123,2025-12-28 11:32:00,earn,,1002
903436,169,2025-12-28 12:21:00,earn,,1001
900637,33,2025-12-28 12:50:00,earn,,1009
900331,20,2025-12-28 13:57:00,earn,,1005
901371,70,2025-12-28 14:20:00,earn,,1007
904390,221,2025-12-29 07:51:00,earn,,1006
902480,121,2025-12-29 08:46:00,signup,,1008
900399,22,2025-12-29 11:05:00,earn,,1005
900484,27,2025-12-29 13:42:00,earn,,1011
905177,260,2025-12-29 14:18:00,earn,,1004
901913,92,2025-12-29 14:38:00,earn,,1010
901416,71,2025-12-29 17:01:00,earn,,1001
903556,178,2025-12-30 07:09:00,earn,,1002
903677,184,2025-12-30 07:45:00,earn,,1007
901537,78,2025-12-30 09:15:00,redeem,3,1007
904305,215,2025-12-30 10:45:00,earn,,1005
904055,201,2025-12-30 10:55:00,earn,,1008
903086,149,2025-12-30 12:11:00,earn,,1001
901917,92,2025-12-30 12:35:00,earn,,1010
900884,46,2025-12-30 14:30:00,redeem,5,1005
902886,141,2025-12-30 14:52:00,signup,,1003
904454,224,2025-12-30 16:38:00,earn,,1007
904629,234,2025-12-30 16:55:00,earn,,1006
903247,158,2025-12-30 18:24:00,earn,,1001
900857,46,2025-12-30 18:44:00,earn,,1005
901332,68,2025-12-31 08:26:00,earn,,1010
904262,212,2025-12-31 10:05:00,earn,,1007
900770,42,2025-12-31 11:10:00,earn,,1008
901619,80,2025-12-31 12:09:00,earn,,1010
900423,23,2025-12-31 12:15:00,earn,,1007
904954,252,2025-12-31 12:34:00,earn,,1009
901842,89,2025-12-31 12:41:00,earn,,1006
903230,157,2025-12-31 12:57:00,redeem,4,1001
904639,234,2025-12-31 13:44:00,earn,,1006
900604,31,2025-12-31 15:46:00,earn,,1012
903822,190,2025-12-31 15:55:00,redeem,6,1002
904860,248,2025-12-31 16:38:00,earn,,1003
902363,117,2025-12-31 17:19:00,earn,,1009
904165,207,2025-12-31 17:32:00,earn,,1002
901359,69,2026-01-01 07:04:00,earn,,1002
902111,103,2026-01-01 08:50:00,earn,,1004
901379,70,2026-01-01 12:41:00,earn,,1007
904676,237,2026-01-01 14:55:00,earn,,1011
900220,12,2026-01-01 15:30:00,earn,,1006
902193,107,2026-01-01 16:11:00,earn,,1004
901730,85,2026-01-01 16:23:00,earn,,1007
903868,193,2026-01-01 17:39:00,earn,,1009
900642,33,2026-01-01 18:55:00,earn,,1009
904881,249,2026-01-02 07:20:00,earn,,1004
900596,31,2026-01-02 09:40:00,earn,,1012
905101,257,2026-01-02 13:28:00,earn,,1002
902188,107,2026-01-02 14:14:00,earn,,1004
904295,215,2026-01-02 14:47:00,earn,,1005
900712,38,2026-01-02 17:34:00,earn,,1007
901590,79,2026-01-02 18:00:00,tier_change,,1009
903262,158,2026-01-03 07:40:00,redeem,6,1001
903870,193,2026-01-03 08:02:00,redeem,1,1009
900870,46,2026-01-03 09:21:00,earn,,1005
904648,234,2026-01-03 13:53:00,redeem,5,1006
900035,3,2026-01-03 17:27:00,earn,,1002
900704,38,2026-01-03 18:24:00,earn,,1007
903997,199,2026-01-04 12:10:00,earn,,1007
901548,79,2026-01-04 13:59:00,earn,,1009
902637,128,2026-01-04 14:07:00,signup,,1008
902756,134,2026-01-04 15:07:00,earn,,1005
902563,123,2026-01-04 15:14:00,earn,,1002
900156,10,2026-01-04 16:25:00,earn,,1005
902020,97,2026-01-04 18:07:00,earn,,1002
903400,167,2026-01-05 07:01:00,earn,,1008
901649,80,2026-01-05 08:51:00,redeem,5,1010
903190,155,2026-01-05 09:14:00,redeem,2,1008
902018,97,2026-01-05 11:10:00,earn,,1002
902258,109,2026-01-05 12:37:00,earn,,1002
903428,169,2026-01-05 14:10:00,earn,,1001
902531,122,2026-01-05 14:34:00,redeem,1,1012
901953,93,2026-01-05 15:35:00,earn,,1006
904014,200,2026-01-05 16:55:00,earn,,1008
902245,109,2026-01-05 17:54:00,earn,,1002
902500,121,2026-01-05 17:57:00,earn,,1008
902447,119,2026-01-05 18:10:00,redeem,6,1005
904017,200,2026-01-06 09:50:00,earn,,1008
901339,69,2026-01-06 12:40:00,earn,,1002
901951,93,2026-01-06 13:04:00,earn,,1006
902518,122,2026-01-06 13:35:00,earn,,1012
904307,215,2026-01-06 13:57:00,earn,,1005
901227,63,2026-01-06 14:13:00,redeem,1,1008
904189,207,2026-01-06 18:35:00,redeem,1,1002
903108,151,2026-01-06 18:52:00,earn,,1002
905130,258,2026-01-07 07:10:00,earn,,1007
904868,248,2026-01-07 07:20:00,earn,,1003
900216,12,2026-01-07 07:41:00,earn,,1006
903904,194,2026-01-07 09:43:00,redeem,5,1008
900271,16,2026-01-07 09:56:00,signup,,1002
903798,189,2026-01-07 11:33:00,earn,,1001
903119,151,2026-01-07 11:48:00,earn,,1002
904398,221,2026-01-07 12:27:00,earn,,1006
902879,140,2026-01-07 12:46:00,redeem,4,1011
902496,121,2026-01-07 17:14:00,earn,,1008
903026,147,2026-01-07 18:03:00,earn,,1001
901192,62,2026-01-07 18:48:00,redeem,2,1007
902262,109,2026-01-08 09:51:00,redeem,5,1002
901189,62,2026-01-08 10:35:00,earn,,1007
900725,38,2026-01-08 11:19:00,earn,,1007
901508,78,2026-01-08 13:07:00,earn,,1007
904306,215,2026-01-08 13:33:00,earn,,1005
900472,27,2026-01-08 13:59:00,earn,,1011
905116,257,2026-01-08 14:22:00,redeem,5,1002
900836,45,2026-01-08 15:09:00,earn,,1006
905146,258,2026-01-08 15:16:00,earn,,1007
903780,189,2026-01-08 15:21:00,earn,,1001
903218,157,2026-01-08 16:58:00,earn,,1001
901028,54,2026-01-08 18:10:00,earn,,1012
900031,3,2026-01-09 07:24:00,earn,,1002
904159,207,2026-01-09 07:48:00,earn,,1002
901635,80,2026-01-09 09:16:00,earn,,1010
903905,194,2026-01-09 10:10:00,redeem,3,1008
903636,182,2026-01-09 10:14:00,earn,,1007
904677,237,2026-01-09 10:37:00,earn,,1011
902642,128,2026-01-09 11:55:00,earn,,1008
902907,141,2026-01-09 11:56:00,earn,,1003
900480,27,2026-01-09 13:29:00,earn,,1011
901008,53,2026-01-09 17:04:00,earn,,1003
904161,207,2026-01-09 17:08:00,earn,,1002
900802,44,2026-01-09 17:34:00,earn,,1002
904887,249,2026-01-09 18:24:00,earn,,1004
901870,91,2026-01-10 07:23:00,signup,,1009
900986,53,2026-01-10 08:52:00,earn,,1003
901881,91,2026-01-10 10:44:00,earn,,1009
903754,187,2026-01-10 10:57:00,earn,,1008
900038,3,2026-01-10 13:44:00,earn,,1002
900179,10,2026-01-10 13:48:00,redeem,6,1005
901384,70,2026-01-10 14:27:00,earn,,1007
900294,16,2026-01-10 14:29:00,earn,,1002
901170,62,2026-01-11 08:29:00,earn,,1007
901324,68,2026-01-11 09:14:00,earn,,1010
900470,27,2026-01-11 09:57:00,earn,,1011
901378,70,2026-01-11 10:14:00,earn,,1007
905133,258,2026-01-11 10:50:00,earn,,1007
901018,54,2026-01-11 11:18:00,earn,,1012
902375,117,2026-01-11 11:37:00,redeem,5,1009
903398,167,2026-01-11 11:54:00,earn,,1008
903799,189,2026-01-11 12:58:00,earn,,1001
903335,163,2026-01-11 13:21:00,earn,,1001
901207,63,2026-01-11 14:30:00,earn,,1008
904391,221,2026-01-11 15:25:00,earn,,1006
904920,249,2026-01-11 16:17:00,redeem,4,1004
901847,89,2026-01-11 18:02:00,earn,,1006
901367,70,2026-01-11 18:24:00,earn,,1007
902090,102,2026-01-11 18:57:00,redeem,5,1008
901228,63,2026-01-12 07:47:00,redeem,6,1008
904041,201,2026-01-12 07:52:00,earn,,1008
904988,253,2026-01-12 08:29:00,earn,,1001
903790,189,2026-01-12 08:38:00,earn,,1001
900359,20,2026-01-12 11:11:00,redeem,3,1005
901341,69,2026-01-12 11:24:00,earn,,1002
902228,109,2026-01-12 13:36:00,earn,,1002
900166,10,2026-01-12 13:52:00,earn,,1005
902378,117,2026-01-12 13:56:00,redeem,3,1009
904418,221,2026-01-12 15:00:00,earn,,1006
902482,121,2026-01-12 16:38:00,earn,,1008
902867,140,2026-01-12 18:10:00,earn,,1011
901957,93,2026-01-13 09:00:00,earn,,1006
903220,157,2026-01-13 09:25:00,earn,,1001
900723,38,2026-01-13 10:07:00,earn,,1007
902442,119,2026-01-13 10:18:00,redeem,5,1005
900072,5,2026-01-13 10:35:00,signup,,1001
904859,248,2026-01-13 11:51:00,earn,,1003
900811,44,2026-01-13 12:40:00,redeem,5,1002
903281,160,2026-01-13 12:46:00,signup,,1010
900497,28,2026-01-13 13:05:00,signup,,1001
903355,165,2026-01-13 13:58:00,earn,,1011
900546,30,2026-01-13 15:22:00,earn,,1011
901043,54,2026-01-13 15:23:00,earn,,1012
904401,221,2026-01-13 17:00:00,earn,,1006
900583,31,2026-01-13 17:22:00,earn,,1012
904757,243,2026-01-14 09:20:00,signup,,1006
902422,119,2026-01-14 10:22:00,earn,,1005
903203,157,2026-01-14 15:14:00,earn,,1001
903603,181,2026-01-14 16:24:00,signup,,1012
900286,16,2026-01-14 17:26:00,earn,,1002
903723,186,2026-01-14 17:54:00,earn,,1011
900180,10,2026-01-14 18:00:00,tier_change,,1005
903891,194,2026-01-15 07:01:00,earn,,1008
903803,189,2026-01-15 07:14:00,redeem,1,1001
902491,121,2026-01-15 07:23:00,earn,,1008
904770,243,2026-01-15 07:38:00,earn,,1006
902752,134,2026-01-15 07:44:00,earn,,1005
902249,109,2026-01-15 07:54:00,earn,,1002
903229,157,2026-01-15 09:38:00,redeem,5,1001
903030,147,2026-01-15 10:40:00,earn,,1001
901915,92,2026-01-15 14:47:00,earn,,1010
902076,102,2026-01-15 15:59:00,earn,,1008
900632,33,2026-01-15 16:11:00,earn,,1009
900593,31,2026-01-15 16:23:00,earn,,1012
903630,182,2026-01-15 17:47:00,earn,,1007
901182,62,2026-01-16 07:38:00,earn,,1007
900295,16,2026-01-16 08:24:00,earn,,1002
904099,203,2026-01-16 08:54:00,earn,,1002
902071,102,2026-01-16 10:58:00,earn,,1008
904266,212,2026-01-16 11:27:00,earn,,1007
900483,27,2026-01-16 13:05:00,earn,,1011
900603,31,2026-01-16 13:42:00,earn,,1012
905058,255,2026-01-16 14:46:00,earn,,1010
902197,107,2026-01-16 15:29:00,earn,,1004
904478,225,2026-01-16 15:33:00,earn,,1008
904990,253,2026-01-16 15:36:00,earn,,1001
902881,140,2026-01-16 15:54:00,redeem,4,1011
903611,181,2026-01-16 16:10:00,earn,,1012
900349,20,2026-01-17 07:56:00,earn,,1005
904027,200,2026-01-17 10:39:00,earn,,1008
902169,106,2026-01-17 11:19:00,earn,,1003
901810,88,2026-01-17 11:24:00,signup,,1007
904363,219,2026-01-17 12:30:00,earn,,1001
902503,121,2026-01-17 13:19:00,earn,,1008
901383,70,2026-01-17 13:32:00,earn,,1007
902872,140,2026-01-17 13:59:00,earn,,1011
904360,219,2026-01-17 16:42:00,earn,,1001
904093,203,2026-01-17 18:22:00,earn,,1002
904616,234,2026-01-18 13:12:00,earn,,1006
902972,144,2026-01-18 14:28:00,earn,,1012
902087,102,2026-01-18 18:16:00,redeem,3,1008
901596,80,2026-01-18 18:34:00,earn,,1010
902419,119,2026-01-19 07:30:00,earn,,1005
900746,41,2026-01-19 07:30:00,signup,,1005
900766,42,2026-01-19 07:36:00,earn,,1008
900151,10,2026-01-19 09:09:00,earn,,1005
903345,163,2026-01-19 12:36:00,redeem,4,1001
902997,144,2026-01-19 12:57:00,earn,,1012
902701,130,2026-01-19 13:50:00,earn,,1006
903071,149,2026-01-19 15:19:00,earn,,1001
901317,68,2026-01-19 17:58:00,earn,,1010
900875,46,2026-01-19 18:45:00,earn,,1005
904908,249,2026-01-19 18:54:00,earn,,1004
905000,253,2026-01-20 09:40:00,earn,,1001
903439,169,2026-01-20 10:00:00,earn,,1001
904416,221,2026-01-20 10:50:00,earn,,1006
902863,140,2026-01-20 12:07:00,earn,,1011
903427,169,2026-01-20 12:28:00,earn,,1001
903442,169,2026-01-20 12:34:00,earn,,1001
905117,257,2026-01-20 15:23:00,redeem,1,1002
903847,193,2026-01-20 16:37:00,earn,,1009
903020,147,2026-01-20 16:41:00,earn,,1001
900544,30,2026-01-20 17:38:00,earn,,1011
904761,243,2026-01-21 07:18:00,earn,,1006
905182,260,2026-01-21 08:09:00,earn,,1004
903213,157,2026-01-21 08:17:00,earn,,1001
903890,194,2026-01-21 12:30:00,earn,,1008
904626,234,2026-01-21 12:50:00,earn,,1006
904036,201,2026-01-21 13:36:00,earn,,1008
902521,122,2026-01-21 15:06:00,earn,,1012
900564,30,2026-01-21 15:36:00,earn,,1011
902567,123,2026-01-21 16:04:00,earn,,1002
904999,253,2026-01-21 16:04:00,earn,,1001
901835,89,2026-01-21 18:14:00,earn,,1006
900720,38,2026-01-21 18:36:00,earn,,1007
901825,88,2026-01-22 07:27:00,earn,,1007
905119,257,2026-01-22 07:37:00,redeem,3,1002
901822,88,2026-01-22 07:55:00,earn,,1007
904267,212,2026-01-22 10:57:00,earn,,1007
904475,225,2026-01-22 12:55:00,earn,,1008
901322,68,2026-01-22 13:02:00,earn,,1010
903027,147,2026-01-22 13:19:00,earn,,1001
903697,184,2026-01-22 13:46:00,redeem,5,1007
905056,255,2026-01-22 13:50:00,earn,,1010
903376,165,2026-01-22 13:50:00,redeem,4,1011
900409,22,2026-01-22 16:07:00,earn,,1005
903176,155,2026-01-22 16:25:00,earn,,1008
902486,121,2026-01-22 16:51:00,earn,,1008
901308,68,2026-01-22 17:04:00,earn,,1010
904618,234,2026-01-22 17:39:00,earn,,1006
901901,91,2026-01-23 07:04:00,redeem,5,1009
901903,91,2026-01-23 07:29:00,redeem,5,1009
901571,79,2026-01-23 07:57:00,earn,,1009
903757,187,2026-01-23 08:44:00,earn,,1008
902186,107,2026-01-23 10:20:00,earn,,1004
900717,38,2026-01-23 10:37:00,earn,,1007
903654,182,2026-01-23 10:58:00,earn,,1007
904279,214,2026-01-23 13:39:00,signup,,1005
902440,119,2026-01-23 13:47:00,redeem,5,1005
900579,31,2026-01-23 14:20:00,earn,,1012
903107,151,2026-01-23 14:53:00,earn,,1002
902253,109,2026-01-23 14:54:00,earn,,1002
903109,151,2026-01-23 15:13:00,earn,,1002
901697,83,2026-01-23 16:09:00,earn,,1007
902506,121,2026-01-23 17:45:00,redeem,2,1008
905105,257,2026-01-24 09:44:00,earn,,1002
900738,38,2026-01-24 10:00:00,tier_change,,1007
903077,149,2026-01-24 10:09:00,earn,,1001
900759,42,2026-01-24 10:11:00,earn,,1008
903029,147,2026-01-24 10:16:00,earn,,1001
904281,214,2026-01-24 10:38:00,earn,,1005
903407,167,2026-01-24 12:18:00,earn,,1008
902064,102,2026-01-24 12:31:00,earn,,1008
900485,27,2026-01-24 14:14:00,earn,,1011
904856,248,2026-01-24 15:13:00,earn,,1003
900293,16,2026-01-24 16:09:00,earn,,1002
902910,141,2026-01-24 16:10:00,earn,,1003
900868,46,2026-01-24 18:52:00,earn,,1005
903604,181,2026-01-25 07:23:00,earn,,1012
904052,201,2026-01-25 07:54:00,earn,,1008
904672,237,2026-01-25 09:11:00,earn,,1011
904158,207,2026-01-25 09:46:00,earn,,1002
904274,212,2026-01-25 09:54:00,redeem,3,1007
902995,144,2026-01-25 10:05:00,earn,,1012
903091,149,2026-01-25 16:38:00,redeem,3,1001
904226,211,2026-01-25 17:52:00,earn,,1005
900630,33,2026-01-26 07:02:00,earn,,1009
902974,144,2026-01-26 07:40:00,earn,,1012
903283,160,2026-01-26 08:42:00,earn,,1010
902982,144,2026-01-26 11:03:00,earn,,1012
903744,187,2026-01-26 11:58:00,earn,,1008
901215,63,2026-01-26 12:03:00,earn,,1008
901474,76,2026-01-26 12:20:00,signup,,1012
900840,45,2026-01-26 13:43:00,earn,,1006
900207,12,2026-01-26 16:15:00,earn,,1006
901962,93,2026-01-26 17:55:00,earn,,1006
903869,193,2026-01-27 07:57:00,earn,,1009
905160,258,2026-01-27 08:00:00,tier_change,,1007
902996,144,2026-01-27 08:20:00,earn,,1012
903435,169,2026-01-27 08:50:00,earn,,1001
900514,28,2026-01-27 08:57:00,earn,,1001
904257,212,2026-01-27 11:39:00,earn,,1007
903764,187,2026-01-27 12:03:00,redeem,1,1008
901283,66,2026-01-27 12:33:00,signup,,1002
903693,184,2026-01-27 12:40:00,redeem,5,1007
904632,234,2026-01-27 13:30:00,earn,,1006
900277,16,2026-01-27 14:15:00,earn,,1002
901528,78,2026-01-27 15:01:00,earn,,1007
903366,165,2026-01-27 15:28:00,earn,,1011
901572,79,2026-01-27 16:57:00,earn,,1009
901604,80,2026-01-27 17:06:00,earn,,1010
903875,193,2026-01-27 17:56:00,redeem,1,1009
904272,212,2026-01-27 18:08:00,earn,,1007
905060,255,2026-01-28 07:30:00,earn,,1010
904746,242,2026-01-28 08:43:00,signup,,1010
903456,170,2026-01-28 09:24:00,earn,,1002
900565,30,2026-01-28 10:38:00,earn,,1011
904043,201,2026-01-28 10:39:00,earn,,1008
901602,80,2026-01-28 10:54:00,earn,,1010
901375,70,2026-01-28 11:14:00,earn,,1007
904296,215,2026-01-28 13:48:00,earn,,1005
901300,66,2026-01-28 13:55:00,redeem,5,1002
900769,42,2026-01-28 15:08:00,earn,,1008
901912,92,2026-01-28 17:02:00,earn,,1010
901942,93,2026-01-28 18:01:00,earn,,1006
900493,27,2026-01-29 09:04:00,redeem,4,1011
902380,118,2026-01-29 09:23:00,signup,,1006
902241,109,2026-01-29 09:31:00,earn,,1002
902202,107,2026-01-29 11:15:00,earn,,1004
902570,123,2026-01-29 13:20:00,redeem,4,1002
905015,253,2026-01-29 13:45:00,redeem,2,1001
900087,5,2026-01-29 14:24:00,earn,,1001
900093,5,2026-01-29 14:41:00,redeem,5,1001
903860,193,2026-01-29 16:39:00,earn,,1009
901421,71,2026-01-29 18:45:00,redeem,6,1001
901735,85,2026-01-30 08:51:00,earn,,1007
904897,249,2026-01-30 09:58:00,earn,,1004
903708,186,2026-01-30 12:38:00,earn,,1011
903287,160,2026-01-30 13:06:00,earn,,1010
900030,3,2026-01-30 13:52:00,earn,,1002
904163,207,2026-01-30 16:22:00,earn,,1002
904623,234,2026-01-31 07:30:00,earn,,1006
903224,157,2026-01-31 09:37:00,redeem,1,1001
902401,118,2026-01-31 11:01:00,redeem,5,1006
905153,258,2026-01-31 11:07:00,redeem,6,1007
903180,155,2026-01-31 11:32:00,earn,,1008
902903,141,2026-01-31 12:38:00,earn,,1003
901288,66,2026-01-31 13:27:00,earn,,1002
901336,68,2026-01-31 13:29:00,redeem,2,1010
901179,62,2026-01-31 13:40:00,earn,,1007
903862,193,2026-01-31 14:41:00,earn,,1009
900320,20,2026-01-31 15:26:00,earn,,1005
904759,243,2026-01-31 15:37:00,earn,,1006
904495,226,2026-01-31 15:40:00,signup,,1008
904455,224,2026-01-31 18:17:00,earn,,1007
902763,134,2026-02-01 10:33:00,earn,,1005
903650,182,2026-02-01 10:56:00,earn,,1007
902126,103,2026-02-01 11:37:00,redeem,3,1004
903373,165,2026-02-01 12:33:00,redeem,6,1011
901703,83,2026-02-01 13:39:00,earn,,1007
902749,134,2026-02-01 13:39:00,earn,,1005
904243,211,2026-02-01 13:45:00,earn,,1005
900473,27,2026-02-01 13:49:00,earn,,1011
905173,260,2026-02-01 14:06:00,earn,,1004
900149,10,2026-02-01 16:56:00,earn,,1005
904300,215,2026-02-01 18:20:00,earn,,1005
903430,169,2026-02-01 18:30:00,earn,,1001
901311,68,2026-02-02 07:17:00,earn,,1010
901899,91,2026-02-02 07:35:00,earn,,1009
901193,62,2026-02-02 08:08:00,redeem,3,1007
901260,65,2026-02-02 08:26:00,earn,,1009
903206,157,2026-02-02 10:00:00,earn,,1001
902761,134,2026-02-02 10:21:00,earn,,1005
904774,244,2026-02-02 10:23:00,signup,,1002
904405,221,2026-02-02 11:02:00,earn,,1006
903548,178,2026-02-02 11:40:00,earn,,1002
903957,198,2026-02-02 13:03:00,earn,,1004
900082,5,2026-02-02 13:11:00,earn,,1001
903621,181,2026-02-02 13:52:00,redeem,5,1012
902201,107,2026-02-02 15:21:00,earn,,1004
902906,141,2026-02-02 16:31:00,earn,,1003
900034,3,2026-02-02 17:09:00,earn,,1002
905167,260,2026-02-02 17:19:00,earn,,1004
900278,16,2026-02-02 17:36:00,earn,,1002
902693,130,2026-02-03 07:01:00,earn,,1006
901291,66,2026-02-03 07:14:00,earn,,1002
902360,117,2026-02-03 07:42:00,earn,,1009
904231,211,2026-02-03 08:04:00,earn,,1005
901887,91,2026-02-03 08:29:00,earn,,1009
900981,53,2026-02-03 10:09:00,earn,,1003
903208,157,2026-02-03 10:45:00,earn,,1001
904361,219,2026-02-03 10:50:00,earn,,1001
902181,106,2026-02-03 13:44:00,earn,,1003
903330,163,2026-02-03 13:45:00,earn,,1001
901423,71,2026-02-03 14:00:00,tier_change,,1001
904992,253,2026-02-03 16:57:00,earn,,1001
904785,244,2026-02-03 17:37:00,earn,,1002
903092,149,2026-02-04 08:06:00,redeem,4,1001
905064,255,2026-02-04 08:26:00,earn,,1010
902309,113,2026-02-04 10:46:00,earn,,1005
903551,178,2026-02-04 12:11:00,earn,,1002
901346,69,2026-02-04 13:37:00,earn,,1002
902384,118,2026-02-04 13:45:00,earn,,1006
904261,212,2026-02-04 15:41:00,earn,,1007
903452,170,2026-02-04 16:04:00,earn,,1002
904291,214,2026-02-04 16:32:00,earn,,1005
902300,113,2026-02-04 16:40:00,signup,,1005
904773,243,2026-02-04 17:56:00,redeem,2,1006
903866,193,2026-02-05 07:18:00,earn,,1009
902362,117,2026-02-05 09:55:00,earn,,1009
904393,221,2026-02-05 09:58:00,earn,,1006
904641,234,2026-02-05 10:57:00,earn,,1006
903486,171,2026-02-05 11:19:00,signup,,1002
904493,225,2026-02-05 11:35:00,earn,,1008
903719,186,2026-02-05 11:42:00,earn,,1011
902203,107,2026-02-05 12:22:00,earn,,1004
900176,10,2026-02-05 13:48:00,redeem,2,1005
903292,160,2026-02-05 14:17:00,earn,,1010
901875,91,2026-02-05 14:23:00,earn,,1009
904758,243,2026-02-05 14:32:00,earn,,1006
902066,102,2026-02-05 14:33:00,earn,,1008
903491,171,2026-02-05 18:18:00,earn,,1002
903426,169,2026-02-06 08:25:00,earn,,1001
901229,64,2026-02-06 09:09:00,signup,,1003
902107,103,2026-02-06 09:16:00,earn,,1004
902513,122,2026-02-06 09:40:00,earn,,1012
902986,144,2026-02-06 10:40:00,earn,,1012
903015,147,2026-02-06 11:26:00,earn,,1001
901490,76,2026-02-06 11:57:00,earn,,1012
900661,35,2026-02-06 11:59:00,signup,,1009
901231,64,2026-02-06 12:13:00,earn,,1003
904292,214,2026-02-06 13:52:00,redeem,5,1005
902416,119,2026-02-06 14:01:00,earn,,1005
902177,106,2026-02-06 15:39:00,earn,,1003
903242,158,2026-02-06 16:46:00,earn,,1001
903861,193,2026-02-06 16:55:00,earn,,1009
903445,169,2026-02-06 17:10:00,redeem,1,1001
903350,165,2026-02-06 18:29:00,earn,,1011
902183,106,2026-02-07 08:51:00,earn,,1003
902884,140,2026-02-07 11:00:00,tier_change,,1011
902940,143,2026-02-07 11:22:00,signup,,1001
904395,221,2026-02-07 11:42:00,earn,,1006
902067,102,2026-02-07 13:46:00,earn,,1008
900668,35,2026-02-07 13:52:00,earn,,1009
905061,255,2026-02-07 15:55:00,earn,,1010
902955,143,2026-02-07 16:02:00,earn,,1001
903877,193,2026-02-07 16:29:00,redeem,6,1009
903785,189,2026-02-07 16:58:00,earn,,1001
901188,62,2026-02-07 17:38:00,earn,,1007
902205,107,2026-02-07 18:52:00,redeem,2,1004
901514,78,2026-02-08 09:47:00,earn,,1007
904975,252,2026-02-08 11:54:00,earn,,1009
902418,119,2026-02-08 14:53:00,earn,,1005
900170,10,2026-02-08 15:28:00,earn,,1005
904609,233,2026-02-08 15:56:00,redeem,1,1004
900115,9,2026-02-08 16:53:00,signup,,1008
903447,169,2026-02-08 17:28:00,redeem,1,1001
904846,248,2026-02-08 17:47:00,earn,,1003
901926,92,2026-02-09 07:13:00,earn,,1010
900633,33,2026-02-09 07:33:00,earn,,1009
901020,54,2026-02-09 07:41:00,earn,,1012
902537,123,2026-02-09 08:00:00,earn,,1002
901845,89,2026-02-09 08:44:00,earn,,1006
903629,182,2026-02-09 09:01:00,earn,,1007
903706,186,2026-02-09 10:47:00,earn,,1011
900705,38,2026-02-09 11:00:00,earn,,1007
901771,87,2026-02-09 12:36:00,signup,,1007
903474,170,2026-02-09 13:20:00,earn,,1002
904422,221,2026-02-09 17:11:00,redeem,5,1006
902004,97,2026-02-09 18:17:00,earn,,1002
900021,3,2026-02-09 18:30:00,earn,,1002
901634,80,2026-02-10 09:29:00,earn,,1010
902988,144,2026-02-10 11:00:00,earn,,1012
901335,68,2026-02-10 11:48:00,earn,,1010
900606,31,2026-02-10 14:21:00,redeem,1,1012
904489,225,2026-02-10 15:29:00,earn,,1008
900209,12,2026-02-10 16:18:00,earn,,1006
903367,165,2026-02-10 17:13:00,earn,,1011
904468,224,2026-02-10 18:25:00,earn,,1007
904592,233,2026-02-10 18:30:00,earn,,1004
904883,249,2026-02-11 09:44:00,earn,,1004
904901,249,2026-02-11 10:46:00,earn,,1004
902772,134,2026-02-11 10:55:00,earn,,1005
905188,260,2026-02-11 10:56:00,earn,,1004
900888,46,2026-02-11 11:00:00,tier_change,,1005
904993,253,2026-02-11 11:34:00,earn,,1001
902256,109,2026-02-11 12:18:00,earn,,1002
901275,65,2026-02-11 12:58:00,earn,,1009
903872,193,2026-02-11 13:33:00,redeem,1,1009
901002,53,2026-02-11 13:35:00,earn,,1003
902948,143,2026-02-11 15:14:00,earn,,1001
900044,4,2026-02-11 16:01:00,signup,,1001
900432,23,2026-02-11 16:07:00,earn,,1007
902047,101,2026-02-11 17:06:00,signup,,1009
903118,151,2026-02-12 07:38:00,earn,,1002
902502,121,2026-02-12 07:59:00,earn,,1008
904061,201,2026-02-12 08:19:00,earn,,1008
901774,87,2026-02-12 11:37:00,earn,,1007
902649,128,2026-02-12 11:59:00,earn,,1008
900126,9,2026-02-12 14:58:00,earn,,1008
900139,9,2026-02-12 15:22:00,redeem,2,1008
903651,182,2026-02-12 17:01:00,earn,,1007
904813,247,2026-02-12 17:11:00,signup,,1001
903444,169,2026-02-12 17:50:00,redeem,4,1001
903217,157,2026-02-13 07:43:00,earn,,1001
902640,128,2026-02-13 08:02:00,earn,,1008
902679,130,2026-02-13 08:21:00,earn,,1006
903120,151,2026-02-13 10:25:00,earn,,1002
903432,169,2026-02-13 11:00:00,earn,,1001
904097,203,2026-02-13 11:23:00,earn,,1002
900798,44,2026-02-13 11:41:00,earn,,1002
901627,80,2026-02-13 11:42:00,earn,,1010
902247,109,2026-02-13 14:16:00,earn,,1002
901830,89,2026-02-13 14:58:00,earn,,1006
902137,105,2026-02-13 15:56:00,signup,,1009
901578,79,2026-02-13 17:04:00,earn,,1009
902858,140,2026-02-13 17:21:00,earn,,1011
902402,118,2026-02-13 18:18:00,redeem,3,1006
902846,140,2026-02-14 07:19:00,earn,,1011
905089,257,2026-02-14 07:33:00,earn,,1002
903752,187,2026-02-14 07:56:00,earn,,1008
900321,20,2026-02-14 07:58:00,earn,,1005
900354,20,2026-02-14 08:08:00,earn,,1005
905134,258,2026-02-14 10:06:00,earn,,1007
904456,224,2026-02-14 10:23:00,earn,,1007
901292,66,2026-02-14 11:57:00,earn,,1002
905150,258,2026-02-14 12:16:00,earn,,1007
901039,54,2026-02-14 13:14:00,earn,,1012
904857,248,2026-02-14 13:19:00,earn,,1003
902766,134,2026-02-14 13:22:00,earn,,1005
904613,234,2026-02-14 13:56:00,earn,,1006
900942,51,2026-02-14 13:57:00,signup,,1005
905145,258,2026-02-14 14:37:00,earn,,1007
900471,27,2026-02-14 15:41:00,earn,,1011
900144,10,2026-02-14 15:53:00,earn,,1005
904665,237,2026-02-14 15:57:00,earn,,1011
902602,125,2026-02-14 17:04:00,earn,,1008
901486,76,2026-02-15 08:19:00,earn,,1012
900709,38,2026-02-15 09:55:00,earn,,1007
902130,103,2026-02-15 10:00:00,tier_change,,1004
901668,82,2026-02-15 12:37:00,signup,,1003
903622,181,2026-02-15 13:05:00,redeem,2,1012
903072,149,2026-02-15 13:32:00,earn,,1001
903251,158,2026-02-15 14:57:00,earn,,1001
904480,225,2026-02-15 16:03:00,earn,,1008
903212,157,2026-02-15 17:13:00,earn,,1001
902685,130,2026-02-15 18:19:00,earn,,1006
900134,9,2026-02-16 07:23:00,earn,,1008
903823,190,2026-02-16 11:10:00,redeem,4,1002
900696,38,2026-02-16 11:11:00,earn,,1007
903560,178,2026-02-16 11:19:00,earn,,1002
903648,182,2026-02-16 12:03:00,earn,,1007
903728,186,2026-02-16 13:54:00,redeem,5,1011
901032,54,2026-02-16 15:15:00,earn,,1012
901329,68,2026-02-16 15:45:00,earn,,1010
902773,134,2026-02-16 16:03:00,earn,,1005
901485,76,2026-02-16 16:29:00,earn,,1012
903552,178,2026-02-16 16:31:00,earn,,1002
902661,128,2026-02-16 16:31:00,redeem,1,1008
902658,128,2026-02-16 18:18:00,redeem,5,1008
903458,170,2026-02-16 18:22:00,earn,,1002
900474,27,2026-02-17 07:17:00,earn,,1011
900558,30,2026-02-17 09:04:00,earn,,1011
904539,231,2026-02-17 09:45:00,signup,,1005
902124,103,2026-02-17 10:07:00,redeem,1,1004
902560,123,2026-02-17 10:26:00,earn,,1002
901710,83,2026-02-17 10:37:00,redeem,1,1007
901318,68,2026-02-17 14:06:00,earn,,1010
900361,21,2026-02-17 16:18:00,signup,,1001
900222,12,2026-02-17 17:29:00,earn,,1006
903403,167,2026-02-17 18:43:00,earn,,1008
901489,76,2026-02-18 07:43:00,earn,,1012
904760,243,2026-02-18 08:48:00,earn,,1006
904631,234,2026-02-18 09:58:00,earn,,1006
904624,234,2026-02-18 10:11:00,earn,,1006
900523,29,2026-02-18 10:13:00,signup,,1010
901011,53,2026-02-18 10:52:00,earn,,1003
903304,160,2026-02-18 10:54:00,redeem,6,1010
902005,97,2026-02-18 11:08:00,earn,,1002
900371,21,2026-02-18 11:52:00,earn,,1001
903013,147,2026-02-18 11:57:00,earn,,1001
900344,20,2026-02-18 12:13:00,earn,,1005
902358,117,2026-02-18 12:44:00,earn,,1009
904847,248,2026-02-18 13:46:00,earn,,1003
904590,233,2026-02-18 14:11:00,earn,,1004
901546,79,2026-02-18 14:23:00,earn,,1009
900946,51,2026-02-18 14:32:00,earn,,1005
902777,134,2026-02-18 14:41:00,redeem,3,1005
904681,237,2026-02-18 15:02:00,earn,,1011
905095,257,2026-02-18 15:15:00,earn,,1002
904499,226,2026-02-18 15:19:00,earn,,1008
904790,244,2026-02-18 15:37:00,earn,,1002
904767,243,2026-02-18 16:33:00,earn,,1006
901200,63,2026-02-19 08:09:00,earn,,1008
901019,54,2026-02-19 10:58:00,earn,,1012
900566,30,2026-02-19 11:10:00,earn,,1011
901058,56,2026-02-19 11:29:00,signup,,1006
901284,66,2026-02-19 11:59:00,earn,,1002
901551,79,2026-02-19 12:04:00,earn,,1009
904619,234,2026-02-19 13:12:00,earn,,1006
902828,139,2026-02-19 13:34:00,signup,,1012
901271,65,2026-02-19 14:13:00,earn,,1009
901687,83,2026-02-19 14:25:00,earn,,1007
904068,201,2026-02-19 14:48:00,earn,,1008
900573,30,2026-02-19 16:18:00,redeem,2,1011
904633,234,2026-02-19 16:38:00,earn,,1006
901174,62,2026-02-20 08:05:00,earn,,1007
902007,97,2026-02-20 08:48:00,earn,,1002
901874,91,2026-02-20 08:59:00,earn,,1009
902023,97,2026-02-20 09:33:00,redeem,2,1002
903634,182,2026-02-20 11:00:00,earn,,1007
900292,16,2026-02-20 11:17:00,earn,,1002
900729,38,2026-02-20 12:05:00,redeem,4,1007
900610,32,2026-02-20 12:18:00,signup,,1010
900675,35,2026-02-20 13:01:00,earn,,1009
904751,242,2026-02-20 16:12:00,earn,,1010
902985,144,2026-02-20 17:40:00,earn,,1012
904822,247,2026-02-21 08:33:00,earn,,1001
901726,85,2026-02-21 10:19:00,earn,,1007
900882,46,2026-02-21 10:22:00,earn,,1005
902116,103,2026-02-21 11:25:00,earn,,1004
904608,233,2026-02-21 11:59:00,redeem,1,1004
904669,237,2026-02-21 12:44:00,earn,,1011
902438,119,2026-02-21 14:21:00,earn,,1005
901838,89,2026-02-21 15:58:00,earn,,1006
900649,33,2026-02-21 16:00:00,redeem,4,1009
901010,53,2026-02-21 16:12:00,earn,,1003
900426,23,2026-02-21 16:28:00,earn,,1007
903644,182,2026-02-21 17:03:00,earn,,1007
904298,215,2026-02-21 18:08:00,earn,,1005
900279,16,2026-02-21 18:24:00,earn,,1002
904838,247,2026-02-22 08:12:00,redeem,1,1001
900865,46,2026-02-22 08:38:00,earn,,1005
903897,194,2026-02-22 09:04:00,earn,,1008
900374,21,2026-02-22 10:14:00,earn,,1001
900302,16,2026-02-22 11:13:00,redeem,2,1002
901535,78,2026-02-22 12:01:00,redeem,5,1007
901732,85,2026-02-22 13:42:00,earn,,1007
900050,4,2026-02-22 14:17:00,earn,,1001
900119,9,2026-02-22 14:43:00,earn,,1008
905143,258,2026-02-22 15:02:00,earn,,1007
904827,247,2026-02-22 15:05:00,earn,,1001
901529,78,2026-02-22 15:10:00,earn,,1007
901368,70,2026-02-22 16:39:00,earn,,1007
902838,139,2026-02-22 18:25:00,earn,,1012
900504,28,2026-02-23 07:32:00,earn,,1001
902716,132,2026-02-23 09:02:00,signup,,1003
901798,87,2026-02-23 09:20:00,redeem,6,1007
901169,62,2026-02-23 11:31:00,earn,,1007
901060,56,2026-02-23 11:44:00,earn,,1006
900394,22,2026-02-23 12:01:00,earn,,1005
904644,234,2026-02-23 12:07:00,redeem,4,1006
900762,42,2026-02-23 12:11:00,earn,,1008
902009,97,2026-02-23 12:42:00,earn,,1002
904028,200,2026-02-23 13:28:00,earn,,1008
904040,201,2026-02-23 15:01:00,earn,,1008
901850,89,2026-02-23 15:02:00,redeem,3,1006
900327,20,2026-02-23 17:08:00,earn,,1005
902591,125,2026-02-23 17:26:00,earn,,1008
902117,103,2026-02-23 18:23:00,earn,,1004
903497,171,2026-02-23 18:41:00,earn,,1002
904374,219,2026-02-24 07:49:00,earn,,1001
903852,193,2026-02-24 08:42:00,earn,,1009
902909,141,2026-02-24 09:01:00,earn,,1003
901699,83,2026-02-24 09:50:00,earn,,1007
900533,29,2026-02-24 10:49:00,earn,,1010
903797,189,2026-02-24 10:51:00,earn,,1001
903448,169,2026-02-24 11:16:00,redeem,5,1001
900066,4,2026-02-24 12:12:00,earn,,1001
903110,151,2026-02-24 13:16:00,earn,,1002
902055,101,2026-02-24 13:40:00,earn,,1009
901751,85,2026-02-24 13:43:00,redeem,2,1007
905171,260,2026-02-24 14:08:00,earn,,1004
904240,211,2026-02-24 15:40:00,earn,,1005
900881,46,2026-02-24 15:45:00,earn,,1005
902782,135,2026-02-24 17:54:00,signup,,1004
903683,184,2026-02-24 18:18:00,earn,,1007
900121,9,2026-02-24 18:58:00,earn,,1008
901355,69,2026-02-25 11:03:00,earn,,1002
900943,51,2026-02-25 12:52:00,earn,,1005
904315,216,2026-02-25 13:54:00,signup,,1003
900805,44,2026-02-25 14:16:00,earn,,1002
902645,128,2026-02-25 17:32:00,earn,,1008
901400,71,2026-02-25 17:54:00,earn,,1001
902302,113,2026-02-26 07:18:00,earn,,1005
901785,87,2026-02-26 08:22:00,earn,,1007
900164,10,2026-02-26 08:29:00,earn,,1005
901488,76,2026-02-26 08:36:00,earn,,1012
901006,53,2026-02-26 09:04:00,earn,,1003
902058,101,2026-02-26 09:25:00,earn,,1009
904394,221,2026-02-26 10:26:00,earn,,1006
901651,80,2026-02-26 10:45:00,redeem,3,1010
902792,136,2026-02-26 15:26:00,signup,,1011
902436,119,2026-02-26 16:08:00,earn,,1005
904237,211,2026-02-26 16:29:00,earn,,1005
900094,5,2026-02-26 17:00:00,tier_change,,1001
900076,5,2026-02-27 07:39:00,earn,,1001
902359,117,2026-02-27 07:47:00,earn,,1009
904791,244,2026-02-27 08:21:00,earn,,1002
903413,167,2026-02-27 10:32:00,redeem,4,1008
902409,119,2026-02-27 11:15:00,earn,,1005
900274,16,2026-02-27 12:30:00,earn,,1002
903800,189,2026-02-27 13:27:00,earn,,1001
902456,120,2026-02-27 13:47:00,signup,,1012
903463,170,2026-02-27 14:07:00,earn,,1002
900023,3,2026-02-27 14:24:00,earn,,1002
904485,225,2026-02-27 17:37:00,earn,,1008
903297,160,2026-02-27 18:42:00,earn,,1010
900289,16,2026-02-27 18:49:00,earn,,1002
903640,182,2026-02-28 07:39:00,earn,,1007
902566,123,2026-02-28 08:06:00,earn,,1002
900392,22,2026-02-28 08:16:00,earn,,1005
900644,33,2026-02-28 08:22:00,earn,,1009
904817,247,2026-02-28 09:08:00,earn,,1001
902462,120,2026-02-28 12:06:00,earn,,1012
901741,85,2026-02-28 13:01:00,earn,,1007
901178,62,2026-02-28 13:40:00,earn,,1007
901734,85,2026-02-28 13:53:00,earn,,1007
904910,249,2026-02-28 13:59:00,redeem,6,1004
901478,76,2026-02-28 15:08:00,earn,,1012
901644,80,2026-02-28 15:42:00,redeem,5,1010
903257,158,2026-02-28 16:41:00,earn,,1001
904471,224,2026-02-28 18:42:00,earn,,1007
901636,80,2026-03-01 07:27:00,redeem,6,1010
902894,141,2026-03-01 07:32:00,earn,,1003
902526,122,2026-03-01 10:36:00,earn,,1012
901714,84,2026-03-01 10:36:00,signup,,1001
905200,260,2026-03-01 10:46:00,redeem,6,1004
904058,201,2026-03-01 11:33:00,earn,,1008
900092,5,2026-03-01 12:02:00,redeem,2,1001
904000,199,2026-03-01 13:25:00,earn,,1007
902688,130,2026-03-01 14:08:00,earn,,1006
903016,147,2026-03-01 14:34:00,earn,,1001
900428,23,2026-03-01 14:51:00,earn,,1007
902854,140,2026-03-01 15:09:00,earn,,1011
905191,260,2026-03-01 15:12:00,earn,,1004
903920,197,2026-03-01 15:43:00,signup,,1011
901557,79,2026-03-01 16:23:00,earn,,1009
903923,197,2026-03-01 16:30:00,earn,,1011
900390,22,2026-03-01 16:46:00,earn,,1005
905069,255,2026-03-01 18:16:00,redeem,5,1010
901390,70,2026-03-01 18:17:00,earn,,1007
902807,136,2026-03-02 08:15:00,earn,,1011
900569,30,2026-03-02 08:37:00,earn,,1011
900509,28,2026-03-02 09:22:00,earn,,1001
904953,252,2026-03-02 12:00:00,earn,,1009
903894,194,2026-03-02 12:32:00,earn,,1008
901327,68,2026-03-02 13:04:00,earn,,1010
902473,120,2026-03-02 14:24:00,earn,,1012
900700,38,2026-03-02 15:26:00,earn,,1007
902667,128,2026-03-02 16:00:00,tier_change,,1008
902610,125,2026-03-02 16:00:00,tier_change,,1008
902956,143,2026-03-02 17:12:00,earn,,1001
901729,85,2026-03-02 17:51:00,earn,,1007
904764,243,2026-03-02 17:54:00,earn,,1006
901263,65,2026-03-02 18:13:00,earn,,1009
903929,197,2026-03-03 07:03:00,earn,,1011
903959,198,2026-03-03 07:25:00,earn,,1004
904112,204,2026-03-03 09:10:00,signup,,1006
900842,45,2026-03-03 10:40:00,earn,,1006
900551,30,2026-03-03 11:37:00,earn,,1011
901276,65,2026-03-03 11:56:00,earn,,1009
901724,84,2026-03-03 12:07:00,redeem,2,1001
903712,186,2026-03-03 12:21:00,earn,,1011
900522,28,2026-03-03 13:16:00,redeem,6,1001
903080,149,2026-03-03 13:54:00,earn,,1001
904357,219,2026-03-03 14:15:00,earn,,1001
900326,20,2026-03-03 14:39:00,earn,,1005
902104,103,2026-03-03 15:07:00,earn,,1004
903554,178,2026-03-03 16:33:00,earn,,1002
903293,160,2026-03-03 17:08:00,earn,,1010
903240,158,2026-03-03 18:17:00,earn,,1001
903047,147,2026-03-04 07:14:00,redeem,5,1001
904324,216,2026-03-04 07:43:00,earn,,1003
902255,109,2026-03-04 07:49:00,earn,,1002
903983,199,2026-03-04 09:01:00,earn,,1007
903431,169,2026-03-04 09:09:00,earn,,1001
904308,215,2026-03-04 09:47:00,earn,,1005
901237,64,2026-03-04 10:16:00,earn,,1003
902569,123,2026-03-04 11:33:00,redeem,5,1002
902887,141,2026-03-04 11:57:00,earn,,1003
902505,121,2026-03-04 12:49:00,earn,,1008
900411,22,2026-03-04 13:16:00,earn,,1005
903014,147,2026-03-04 13:43:00,earn,,1001
904122,204,2026-03-04 13:59:00,earn,,1006
901625,80,2026-03-04 14:28:00,earn,,1010
900403,22,2026-03-04 15:00:00,earn,,1005
901779,87,2026-03-04 15:24:00,earn,,1007
902003,97,2026-03-04 16:17:00,earn,,1002
900345,20,2026-03-04 16:46:00,earn,,1005
902092,102,2026-03-04 17:00:00,tier_change,,1008
904782,244,2026-03-05 07:00:00,earn,,1002
902980,144,2026-03-05 07:53:00,earn,,1012
900508,28,2026-03-05 07:56:00,earn,,1001
904965,252,2026-03-05 10:24:00,earn,,1009
902407,119,2026-03-05 10:34:00,earn,,1005
903336,163,2026-03-05 10:46:00,earn,,1001
903844,193,2026-03-05 13:09:00,earn,,1009
900330,20,2026-03-05 13:33:00,earn,,1005
904190,207,2026-03-05 14:00:00,redeem,1,1002
903368,165,2026-03-05 15:01:00,earn,,1011
900490,27,2026-03-05 15:11:00,redeem,4,1011
904460,224,2026-03-05 16:06:00,earn,,1007
904890,249,2026-03-05 16:58:00,earn,,1004
903045,147,2026-03-06 07:24:00,redeem,1,1001
900561,30,2026-03-06 07:30:00,earn,,1011
903381,166,2026-03-06 07:47:00,signup,,1009
905100,257,2026-03-06 08:05:00,earn,,1002
903559,178,2026-03-06 10:04:00,earn,,1002
901800,87,2026-03-06 11:24:00,redeem,4,1007
901686,83,2026-03-06 11:30:00,earn,,1007
904630,234,2026-03-06 11:58:00,earn,,1006
904680,237,2026-03-06 12:23:00,earn,,1011
903711,186,2026-03-06 12:43:00,earn,,1011
900022,3,2026-03-06 13:00:00,earn,,1002
903409,167,2026-03-06 13:42:00,earn,,1008
902783,135,2026-03-06 15:56:00,earn,,1004
900680,35,2026-03-06 16:34:00,redeem,6,1009
901372,70,2026-03-06 17:46:00,earn,,1007
901068,56,2026-03-06 18:36:00,earn,,1006
901803,87,2026-03-06 18:41:00,redeem,1,1007
904254,212,2026-03-06 18:44:00,earn,,1007
900405,22,2026-03-07 07:13:00,earn,,1005
901403,71,2026-03-07 07:19:00,earn,,1001
903467,170,2026-03-07 07:27:00,earn,,1002
904411,221,2026-03-07 07:32:00,earn,,1006
900878,46,2026-03-07 08:06:00,earn,,1005
902470,120,2026-03-07 08:17:00,earn,,1012
900991,53,2026-03-07 08:20:00,earn,,1003
904750,242,2026-03-07 09:10:00,earn,,1010
901482,76,2026-03-07 11:25:00,earn,,1012
904748,242,2026-03-07 13:18:00,earn,,1010
903131,151,2026-03-07 13:55:00,redeem,3,1002
903678,184,2026-03-07 14:04:00,earn,,1007
901293,66,2026-03-07 15:36:00,earn,,1002
901206,63,2026-03-07 16:33:00,earn,,1008
902837,139,2026-03-07 17:27:00,earn,,1012
902233,109,2026-03-08 07:34:00,earn,,1002
904396,221,2026-03-08 08:26:00,earn,,1006
903471,170,2026-03-08 08:45:00,earn,,1002
903943,197,2026-03-08 09:58:00,redeem,2,1011
903425,169,2026-03-08 10:15:00,earn,,1001
903503,171,2026-03-08 10:15:00,redeem,1,1002
901933,92,2026-03-08 10:49:00,earn,,1010
900650,33,2026-03-08 11:50:00,redeem,6,1009
903404,167,2026-03-08 12:53:00,earn,,1008
903527,177,2026-03-08 16:01:00,signup,,1009
902237,109,2026-03-08 16:54:00,earn,,1002
903258,158,2026-03-08 18:03:00,earn,,1001
900832,45,2026-03-08 18:08:00,earn,,1006
903033,147,2026-03-09 07:24:00,earn,,1001
902252,109,2026-03-09 07:30:00,earn,,1002
904293,214,2026-03-09 08:39:00,redeem,4,1005
900517,28,2026-03-09 10:04:00,earn,,1001
903807,190,2026-03-09 10:30:00,earn,,1002
904236,211,2026-03-09 11:18:00,earn,,1005
902963,143,2026-03-09 13:11:00,redeem,3,1001
903130,151,2026-03-09 14:43:00,redeem,5,1002
904792,244,2026-03-09 15:48:00,earn,,1002
900434,23,2026-03-09 16:39:00,earn,,1007
902308,113,2026-03-09 16:48:00,earn,,1005
902738,132,2026-03-09 16:50:00,redeem,2,1003
900629,33,2026-03-09 17:09:00,earn,,1009
902925,142,2026-03-09 17:55:00,signup,,1010
901073,56,2026-03-09 18:04:00,earn,,1006
900635,33,2026-03-09 18:48:00,earn,,1009
900838,45,2026-03-10 07:13:00,earn,,1006
901527,78,2026-03-10 07:49:00,earn,,1007
904913,249,2026-03-10 09:08:00,redeem,4,1004
903738,187,2026-03-10 09:16:00,earn,,1008
903805,190,2026-03-10 10:27:00,earn,,1002
900498,28,2026-03-10 10:34:00,earn,,1001
900754,41,2026-03-10 11:48:00,earn,,1005
903392,166,2026-03-10 14:20:00,earn,,1009
903468,170,2026-03-10 14:23:00,earn,,1002
904284,214,2026-03-10 14:36:00,earn,,1005
901042,54,2026-03-10 15:29:00,earn,,1012
900758,42,2026-03-10 15:32:00,earn,,1008
901258,64,2026-03-10 16:00:00,tier_change,,1003
901413,71,2026-03-10 16:29:00,earn,,1001
903025,147,2026-03-10 16:38:00,earn,,1001
900602,31,2026-03-10 18:07:00,earn,,1012
902200,107,2026-03-10 18:09:00,earn,,1004
904178,207,2026-03-11 09:57:00,earn,,1002
904362,219,2026-03-11 10:28:00,earn,,1001
901937,92,2026-03-11 11:55:00,redeem,2,1010
903123,151,2026-03-11 12:11:00,earn,,1002
904413,221,2026-03-11 12:24:00,earn,,1006
905195,260,2026-03-11 14:10:00,redeem,3,1004
900275,16,2026-03-11 14:39:00,earn,,1002
900153,10,2026-03-11 15:52:00,earn,,1005
903971,198,2026-03-11 16:23:00,redeem,1,1004
901780,87,2026-03-11 16:35:00,earn,,1007
905112,257,2026-03-11 17:31:00,earn,,1002
900804,44,2026-03-11 18:32:00,earn,,1002
901509,78,2026-03-12 08:33:00,earn,,1007
904100,203,2026-03-12 09:16:00,earn,,1002
900039,3,2026-03-12 09:49:00,earn,,1002
903652,182,2026-03-12 10:29:00,earn,,1007
903443,169,2026-03-12 10:30:00,redeem,4,1001
902002,97,2026-03-12 12:15:00,earn,,1002
904051,201,2026-03-12 12:17:00,earn,,1008
902857,140,2026-03-12 13:48:00,earn,,1011
901909,92,2026-03-12 14:00:00,earn,,1010
904106,203,2026-03-12 14:32:00,earn,,1002
904840,247,2026-03-12 14:48:00,redeem,6,1001
904687,238,2026-03-12 15:32:00,signup,,1006
901916,92,2026-03-12 16:50:00,earn,,1010
904304,215,2026-03-12 16:52:00,earn,,1005
901314,68,2026-03-12 17:07:00,earn,,1010
903437,169,2026-03-12 17:43:00,earn,,1001
901639,80,2026-03-12 17:59:00,redeem,4,1010
903465,170,2026-03-12 18:21:00,earn,,1002
900877,46,2026-03-12 18:39:00,earn,,1005
900487,27,2026-03-13 07:28:00,earn,,1011
903000,144,2026-03-13 10:45:00,redeem,4,1012
903042,147,2026-03-13 10:53:00,earn,,1001
902785,135,2026-03-13 12:04:00,earn,,1004
900204,12,2026-03-13 12:16:00,earn,,1006
902065,102,2026-03-13 13:26:00,earn,,1008
903761,187,2026-03-13 14:04:00,redeem,2,1008
902951,143,2026-03-13 14:05:00,earn,,1001
900984,53,2026-03-13 15:30:00,earn,,1003
904974,252,2026-03-13 16:05:00,earn,,1009
901897,91,2026-03-13 16:16:00,earn,,1009
900678,35,2026-03-13 18:02:00,redeem,1,1009
904313,215,2026-03-13 18:04:00,earn,,1005
901673,82,2026-03-13 18:04:00,earn,,1003
903898,194,2026-03-13 18:08:00,earn,,1008
902196,107,2026-03-14 07:07:00,earn,,1004
903616,181,2026-03-14 07:33:00,earn,,1012
903558,178,2026-03-14 07:58:00,earn,,1002
904577,233,2026-03-14 08:15:00,earn,,1004
900478,27,2026-03-14 09:21:00,earn,,1011
903424,169,2026-03-14 10:11:00,earn,,1001
903183,155,2026-03-14 10:39:00,earn,,1008
903958,198,2026-03-14 12:31:00,earn,,1004
901593,80,2026-03-14 13:10:00,earn,,1010
905179,260,2026-03-14 14:50:00,earn,,1004
903111,151,2026-03-14 16:03:00,earn,,1002
900141,9,2026-03-14 18:49:00,redeem,3,1008
904290,214,2026-03-15 09:48:00,earn,,1005
902069,102,2026-03-15 09:52:00,earn,,1008
905016,253,2026-03-15 11:00:00,tier_change,,1001
903044,147,2026-03-15 11:23:00,redeem,1,1001
903902,194,2026-03-15 11:28:00,redeem,6,1008
900357,20,2026-03-15 11:38:00,redeem,1,1005
902657,128,2026-03-15 13:13:00,redeem,1,1008
902301,113,2026-03-15 13:59:00,earn,,1005
900961,51,2026-03-15 15:02:00,earn,,1005
904287,214,2026-03-15 16:35:00,earn,,1005
901841,89,2026-03-15 17:27:00,earn,,1006
905102,257,2026-03-15 17:36:00,earn,,1002
903085,149,2026-03-15 17:36:00,earn,,1001
901648,80,2026-03-15 17:52:00,redeem,4,1010
904461,224,2026-03-15 17:54:00,earn,,1007
903537,177,2026-03-15 17:59:00,earn,,1009
903288,160,2026-03-15 18:39:00,earn,,1010
901674,82,2026-03-16 07:06:00,earn,,1003
904469,224,2026-03-16 07:23:00,earn,,1007
902958,143,2026-03-16 08:18:00,earn,,1001
905120,257,2026-03-16 09:00:00,tier_change,,1002
902781,134,2026-03-16 09:02:00,redeem,6,1005
901417,71,2026-03-16 09:24:00,earn,,1001
905161,258,2026-03-16 11:00:00,tier_change,,1007
905138,258,2026-03-16 13:33:00,earn,,1007
900608,31,2026-03-16 13:38:00,redeem,1,1012
904595,233,2026-03-16 14:45:00,earn,,1004
900763,42,2026-03-16 15:15:00,earn,,1008
904365,219,2026-03-16 15:16:00,earn,,1001
904591,233,2026-03-16 15:18:00,earn,,1004
903767,187,2026-03-16 18:00:00,tier_change,,1008
903296,160,2026-03-16 18:30:00,earn,,1010
900796,44,2026-03-17 09:30:00,earn,,1002
900833,45,2026-03-17 09:56:00,earn,,1006
902530,122,2026-03-17 10:07:00,redeem,6,1012
902900,141,2026-03-17 10:08:00,earn,,1003
902953,143,2026-03-17 10:19:00,earn,,1001
904831,247,2026-03-17 10:46:00,earn,,1001
901594,80,2026-03-17 11:37:00,earn,,1010
902718,132,2026-03-17 12:41:00,earn,,1003
905129,258,2026-03-17 13:02:00,earn,,1007
903737,187,2026-03-17 14:06:00,earn,,1008
903796,189,2026-03-17 14:36:00,earn,,1001
900727,38,2026-03-17 16:26:00,redeem,3,1007
901479,76,2026-03-17 16:29:00,earn,,1012
904406,221,2026-03-17 18:28:00,earn,,1006
901885,91,2026-03-18 08:29:00,earn,,1009
900830,45,2026-03-18 08:48:00,earn,,1006
901961,93,2026-03-18 09:14:00,earn,,1006
904647,234,2026-03-18 09:25:00,redeem,4,1006
904171,207,2026-03-18 10:02:00,earn,,1002
900058,4,2026-03-18 10:39:00,earn,,1001
900505,28,2026-03-18 11:35:00,earn,,1001
901033,54,2026-03-18 14:19:00,earn,,1012
902593,125,2026-03-18 14:22:00,earn,,1008
900142,9,2026-03-18 17:07:00,redeem,2,1008
900276,16,2026-03-18 17:46:00,earn,,1002
904486,225,2026-03-18 18:22:00,earn,,1008
900123,9,2026-03-19 08:45:00,earn,,1008
902101,103,2026-03-19 09:07:00,earn,,1004
901778,87,2026-03-19 10:12:00,earn,,1007
904372,219,2026-03-19 11:16:00,earn,,1001
904032,200,2026-03-19 11:19:00,redeem,3,1008
903284,160,2026-03-19 11:38:00,earn,,1010
905010,253,2026-03-19 12:50:00,redeem,1,1001
903612,181,2026-03-19 14:10:00,earn,,1012
904331,216,2026-03-19 17:20:00,redeem,3,1003
901783,87,2026-03-19 17:21:00,earn,,1007
900956,51,2026-03-19 18:01:00,earn,,1005
900520,28,2026-03-19 18:29:00,redeem,4,1001
902068,102,2026-03-20 08:49:00,earn,,1008
900379,21,2026-03-20 09:15:00,earn,,1001
902490,121,2026-03-20 10:26:00,earn,,1008
900711,38,2026-03-20 10:29:00,earn,,1007
902547,123,2026-03-20 10:29:00,earn,,1002
900772,42,2026-03-20 11:00:00,earn,,1008
901128,60,2026-03-20 12:22:00,signup,,1008
901676,82,2026-03-20 13:21:00,earn,,1003
903419,169,2026-03-20 13:48:00,earn,,1001
903950,198,2026-03-20 15:47:00,earn,,1004
904685,237,2026-03-20 16:10:00,redeem,6,1011
904015,200,2026-03-20 17:14:00,earn,,1008
903189,155,2026-03-20 17:18:00,earn,,1008
902357,117,2026-03-20 17:52:00,earn,,1009
905109,257,2026-03-20 18:48:00,earn,,1002
904971,252,2026-03-21 07:26:00,earn,,1009
900427,23,2026-03-21 08:14:00,earn,,1007
903788,189,2026-03-21 09:07:00,earn,,1001
903053,148,2026-03-21 09:33:00,signup,,1011
904909,249,2026-03-21 09:53:00,earn,,1004
900299,16,2026-03-21 09:55:00,redeem,4,1002
901194,62,2026-03-21 10:39:00,redeem,4,1007
901253,64,2026-03-21 10:48:00,redeem,5,1003
903124,151,2026-03-21 12:21:00,earn,,1002
900181,11,2026-03-21 12:24:00,signup,,1004
903268,159,2026-03-21 12:38:00,signup,,1007
903501,171,2026-03-21 13:07:00,earn,,1002
901652,80,2026-03-21 13:12:00,redeem,1,1010
901713,83,2026-03-21 13:48:00,redeem,1,1007
902187,107,2026-03-21 14:31:00,earn,,1004
904186,207,2026-03-21 14:56:00,earn,,1002
900752,41,2026-03-21 15:13:00,earn,,1005
900085,5,2026-03-21 15:30:00,earn,,1001
902082,102,2026-03-21 15:52:00,earn,,1008
903676,184,2026-03-21 16:00:00,earn,,1007
904425,222,2026-03-21 16:01:00,signup,,1003
901036,54,2026-03-21 17:38:00,earn,,1012
901386,70,2026-03-21 18:34:00,earn,,1007
902394,118,2026-03-21 18:39:00,earn,,1006
904376,219,2026-03-22 07:47:00,earn,,1001
904408,221,2026-03-22 08:22:00,earn,,1006
900303,16,2026-03-22 09:00:00,tier_change,,1002
902960,143,2026-03-22 09:00:00,earn,,1001
900145,10,2026-03-22 09:12:00,earn,,1005
904694,238,2026-03-22 10:13:00,earn,,1006
901923,92,2026-03-22 10:46:00,earn,,1010
904464,224,2026-03-22 12:02:00,earn,,1007
904994,253,2026-03-22 12:56:00,earn,,1001
903846,193,2026-03-22 13:06:00,earn,,1009
901438,73,2026-03-22 13:22:00,signup,,1001
905094,257,2026-03-22 13:44:00,earn,,1002
901146,61,2026-03-22 13:54:00,signup,,1010
900372,21,2026-03-22 17:08:00,earn,,1001
905065,255,2026-03-22 17:09:00,earn,,1010
903215,157,2026-03-23 07:02:00,earn,,1001
903936,197,2026-03-23 07:35:00,earn,,1011
904002,199,2026-03-23 07:57:00,earn,,1007
903684,184,2026-03-23 08:40:00,earn,,1007
901175,62,2026-03-23 09:11:00,earn,,1007
901477,76,2026-03-23 09:30:00,earn,,1012
901407,71,2026-03-23 09:57:00,earn,,1001
902112,103,2026-03-23 11:12:00,earn,,1004
903692,184,2026-03-23 11:35:00,earn,,1007
900525,29,2026-03-23 12:25:00,earn,,1010
900122,9,2026-03-23 12:40:00,earn,,1008
900989,53,2026-03-23 13:12:00,earn,,1003
901294,66,2026-03-23 13:39:00,earn,,1002
902388,118,2026-03-23 15:09:00,earn,,1006
904783,244,2026-03-23 15:39:00,earn,,1002
902476,120,2026-03-23 16:29:00,earn,,1012
901671,82,2026-03-23 16:37:00,earn,,1003
904978,252,2026-03-23 17:03:00,redeem,4,1009
903484,170,2026-03-23 17:29:00,redeem,2,1002
903039,147,2026-03-23 18:24:00,earn,,1001
902466,120,2026-03-23 18:37:00,earn,,1012
902484,121,2026-03-24 07:41:00,earn,,1008
901331,68,2026-03-24 07:48:00,earn,,1010
901287,66,2026-03-24 08:46:00,earn,,1002
901930,92,2026-03-24 09:51:00,earn,,1010
900129,9,2026-03-24 10:46:00,earn,,1008
900117,9,2026-03-24 10:52:00,earn,,1008
900116,9,2026-03-24 11:32:00,earn,,1008
901037,54,2026-03-24 11:43:00,earn,,1012
904359,219,2026-03-24 11:49:00,earn,,1001
903954,198,2026-03-24 12:02:00,earn,,1004
905111,257,2026-03-24 12:50:00,earn,,1002
902539,123,2026-03-24 12:55:00,earn,,1002
901014,53,2026-03-24 13:53:00,redeem,2,1003
903925,197,2026-03-24 14:31:00,earn,,1011
902655,128,2026-03-24 15:05:00,earn,,1008
904285,214,2026-03-24 15:53:00,earn,,1005
904500,226,2026-03-24 16:25:00,earn,,1008
900978,53,2026-03-25 07:10:00,earn,,1003
900272,16,2026-03-25 09:59:00,earn,,1002
900188,11,2026-03-25 10:06:00,earn,,1004
902947,143,2026-03-25 12:06:00,earn,,1001
901799,87,2026-03-25 12:49:00,redeem,3,1007
902962,143,2026-03-25 13:47:00,redeem,3,1001
900951,51,2026-03-25 14:07:00,earn,,1005
904955,252,2026-03-25 14:22:00,earn,,1009
903620,181,2026-03-25 14:38:00,earn,,1012
901081,57,2026-03-25 14:46:00,signup,,1004
900983,53,2026-03-25 15:09:00,earn,,1003
901150,61,2026-03-25 17:21:00,earn,,1010
901216,63,2026-03-25 17:59:00,earn,,1008
901475,76,2026-03-26 07:29:00,earn,,1012
903480,170,2026-03-26 07:35:00,earn,,1002
900861,46,2026-03-26 08:21:00,earn,,1005
902497,121,2026-03-26 09:39:00,earn,,1008
902460,120,2026-03-26 10:41:00,earn,,1012
904854,248,2026-03-26 12:08:00,earn,,1003
902758,134,2026-03-26 12:37:00,earn,,1005
903211,157,2026-03-26 12:59:00,earn,,1001
900160,10,2026-03-26 13:40:00,earn,,1005
900966,52,2026-03-26 13:59:00,signup,,1008
900817,45,2026-03-26 14:08:00,earn,,1006
905013,253,2026-03-26 14:18:00,redeem,4,1001
903354,165,2026-03-26 15:33:00,earn,,1011
904775,244,2026-03-26 15:58:00,earn,,1002
901784,87,2026-03-26 15:58:00,earn,,1007
900953,51,2026-03-26 17:44:00,earn,,1005
904426,222,2026-03-26 17:52:00,earn,,1003
902054,101,2026-03-26 18:30:00,earn,,1009
902736,132,2026-03-26 18:30:00,earn,,1003
900281,16,2026-03-27 08:49:00,earn,,1002
902832,139,2026-03-27 10:05:00,earn,,1012
901362,69,2026-03-27 10:11:00,redeem,1,1002
903531,177,2026-03-27 10:25:00,earn,,1009
902949,143,2026-03-27 10:32:00,earn,,1001
901848,89,2026-03-27 12:08:00,earn,,1006
904120,204,2026-03-27 12:14:00,earn,,1006
902387,118,2026-03-27 12:52:00,earn,,1006
900736,38,2026-03-27 13:17:00,redeem,6,1007
901230,64,2026-03-27 13:36:00,earn,,1003
903682,184,2026-03-27 14:06:00,earn,,1007
902815,138,2026-03-27 14:15:00,signup,,1001
900364,21,2026-03-27 15:18:00,earn,,1001
900576,30,2026-03-27 17:58:00,redeem,3,1011
900968,52,2026-03-27 18:14:00,earn,,1008
901689,83,2026-03-27 18:52:00,earn,,1007
904555,231,2026-03-28 07:11:00,earn,,1005
901525,78,2026-03-28 08:06:00,earn,,1007
904244,211,2026-03-28 08:53:00,earn,,1005
904698,238,2026-03-28 10:10:00,earn,,1006
904321,216,2026-03-28 10:50:00,earn,,1003
901009,53,2026-03-28 11:51:00,earn,,1003
901190,62,2026-03-28 12:22:00,earn,,1007
901223,63,2026-03-28 13:36:00,earn,,1008
902797,136,2026-03-28 13:54:00,earn,,1011
903540,177,2026-03-28 15:05:00,redeem,1,1009
903824,190,2026-03-28 15:45:00,redeem,4,1002
901533,78,2026-03-28 16:55:00,earn,,1007
900528,29,2026-03-28 17:04:00,earn,,1010
900386,21,2026-03-28 17:21:00,redeem,3,1001
904048,201,2026-03-28 17:53:00,earn,,1008
902840,139,2026-03-28 17:55:00,earn,,1012
905110,257,2026-03-28 18:23:00,earn,,1002
902859,140,2026-03-29 07:34:00,earn,,1011
903722,186,2026-03-29 08:07:00,earn,,1011
901700,83,2026-03-29 09:15:00,earn,,1007
900756,41,2026-03-29 09:39:00,earn,,1005
901558,79,2026-03-29 09:44:00,earn,,1009
903792,189,2026-03-29 11:03:00,earn,,1001
903395,167,2026-03-29 11:09:00,earn,,1008
903791,189,2026-03-29 11:28:00,earn,,1001
900355,20,2026-03-29 12:45:00,earn,,1005
901064,56,2026-03-29 13:13:00,earn,,1006
903968,198,2026-03-29 13:42:00,earn,,1004
900408,22,2026-03-29 14:16:00,earn,,1005
903884,194,2026-03-29 14:44:00,earn,,1008
902441,119,2026-03-29 14:50:00,redeem,2,1005
901832,89,2026-03-29 15:21:00,earn,,1006
901095,57,2026-03-29 15:39:00,earn,,1004
901246,64,2026-03-29 15:51:00,earn,,1003
900750,41,2026-03-29 16:01:00,earn,,1005
901360,69,2026-03-29 16:21:00,earn,,1002
900761,42,2026-03-29 17:34:00,earn,,1008
903034,147,2026-03-29 18:03:00,earn,,1001
902648,128,2026-03-30 07:41:00,earn,,1008
903412,167,2026-03-30 07:45:00,redeem,4,1008
903610,181,2026-03-30 08:01:00,earn,,1012
904145,206,2026-03-30 08:04:00,signup,,1006
902206,108,2026-03-30 08:39:00,signup,,1004
901704,83,2026-03-30 08:53:00,earn,,1007
904241,211,2026-03-30 09:13:00,earn,,1005
905090,257,2026-03-30 11:47:00,earn,,1002
901966,93,2026-03-30 13:19:00,earn,,1006
904073,201,2026-03-30 13:47:00,redeem,2,1008
904558,231,2026-03-30 14:28:00,redeem,1,1005
902617,127,2026-03-30 15:28:00,signup,,1007
902445,119,2026-03-30 15:30:00,redeem,3,1005
904855,248,2026-03-30 16:04:00,earn,,1003
902946,143,2026-03-30 16:08:00,earn,,1001
900421,23,2026-03-30 16:48:00,earn,,1007
903489,171,2026-03-30 17:09:00,earn,,1002
904702,238,2026-03-31 07:12:00,redeem,6,1006
900973,52,2026-03-31 07:53:00,redeem,6,1008
904175,207,2026-03-31 08:14:00,earn,,1002
902162,106,2026-03-31 08:31:00,earn,,1003
901333,68,2026-03-31 08:55:00,earn,,1010
905113,257,2026-03-31 08:59:00,redeem,1,1002
901610,80,2026-03-31 09:17:00,earn,,1010
901411,71,2026-03-31 09:45:00,earn,,1001
902926,142,2026-03-31 09:50:00,earn,,1010
902592,125,2026-03-31 09:56:00,earn,,1008
902220,108,2026-03-31 10:16:00,earn,,1004
901786,87,2026-03-31 10:41:00,earn,,1007
901022,54,2026-03-31 11:54:00,earn,,1012
903074,149,2026-03-31 13:09:00,earn,,1001
900075,5,2026-03-31 13:10:00,earn,,1001
902831,139,2026-03-31 13:13:00,earn,,1012
904312,215,2026-03-31 14:17:00,earn,,1005
901691,83,2026-03-31 14:32:00,earn,,1007
904815,247,2026-03-31 14:36:00,earn,,1001
902543,123,2026-03-31 16:13:00,earn,,1002
900024,3,2026-03-31 16:18:00,earn,,1002
900195,11,2026-03-31 16:53:00,earn,,1004
901270,65,2026-03-31 16:57:00,earn,,1009
903289,160,2026-03-31 17:12:00,earn,,1010
902952,143,2026-03-31 18:16:00,earn,,1001
900765,42,2026-03-31 18:42:00,earn,,1008
901493,76,2026-04-01 07:46:00,redeem,2,1012
903966,198,2026-04-01 08:54:00,earn,,1004
902729,132,2026-04-01 11:47:00,earn,,1003
902753,134,2026-04-01 12:29:00,earn,,1005
904282,214,2026-04-01 13:00:00,earn,,1005
904560,231,2026-04-01 13:08:00,redeem,6,1005
902686,130,2026-04-01 13:28:00,earn,,1006
902327,115,2026-04-01 13:37:00,signup,,1007
901900,91,2026-04-01 14:07:00,redeem,3,1009
904132,204,2026-04-01 17:05:00,redeem,5,1006
903253,158,2026-04-01 18:33:00,earn,,1001
904288,214,2026-04-02 09:16:00,earn,,1005
902504,121,2026-04-02 10:19:00,earn,,1008
901873,91,2026-04-02 10:22:00,earn,,1009
901139,60,2026-04-02 11:54:00,earn,,1008
901392,70,2026-04-02 13:13:00,earn,,1007
902848,140,2026-04-02 13:31:00,earn,,1011
903639,182,2026-04-02 13:40:00,earn,,1007
905052,255,2026-04-02 14:06:00,earn,,1010
901601,80,2026-04-02 14:23:00,earn,,1010
903746,187,2026-04-02 14:36:00,earn,,1008
902573,124,2026-04-02 14:37:00,signup,,1010
903539,177,2026-04-02 14:56:00,earn,,1009
902017,97,2026-04-02 15:34:00,earn,,1002
902824,138,2026-04-02 16:34:00,earn,,1001
901099,57,2026-04-02 17:49:00,earn,,1004
902632,127,2026-04-02 18:13:00,earn,,1007
902583,124,2026-04-02 18:36:00,earn,,1010
904168,207,2026-04-02 18:48:00,earn,,1002
903806,190,2026-04-03 08:22:00,earn,,1002
902552,123,2026-04-03 08:24:00,earn,,1002
901633,80,2026-04-03 09:01:00,earn,,1010
904615,234,2026-04-03 10:06:00,earn,,1006
903339,163,2026-04-03 10:24:00,earn,,1001
904885,249,2026-04-03 12:32:00,earn,,1004
902668,129,2026-04-03 12:45:00,signup,,1001
901239,64,2026-04-03 13:00:00,earn,,1003
903227,157,2026-04-03 13:02:00,redeem,6,1001
901954,93,2026-04-03 13:14:00,earn,,1006
902251,109,2026-04-03 14:14:00,earn,,1002
901795,87,2026-04-03 15:04:00,earn,,1007
902236,109,2026-04-03 15:11:00,earn,,1002
901720,84,2026-04-03 15:25:00,earn,,1001
904675,237,2026-04-03 15:59:00,earn,,1011
902224,108,2026-04-03 16:32:00,redeem,2,1004
901669,82,2026-04-03 16:50:00,earn,,1003
901782,87,2026-04-03 16:54:00,earn,,1007
903614,181,2026-04-03 17:32:00,earn,,1012
905018,254,2026-04-04 07:12:00,signup,,1010
901522,78,2026-04-04 07:17:00,earn,,1007
904958,252,2026-04-04 08:41:00,earn,,1009
900996,53,2026-04-04 10:38:00,earn,,1003
900334,20,2026-04-04 12:24:00,earn,,1005
903859,193,2026-04-04 13:22:00,earn,,1009
903727,186,2026-04-04 14:29:00,earn,,1011
903939,197,2026-04-04 15:29:00,redeem,5,1011
901715,84,2026-04-04 16:00:00,earn,,1001
900191,11,2026-04-04 16:12:00,earn,,1004
900154,10,2026-04-04 16:13:00,earn,,1005
905021,254,2026-04-04 16:16:00,earn,,1010
901369,70,2026-04-04 16:29:00,earn,,1007
902817,138,2026-04-04 16:37:00,earn,,1001
900406,22,2026-04-04 17:00:00,earn,,1005
904118,204,2026-04-04 18:41:00,earn,,1006
900959,51,2026-04-04 18:59:00,earn,,1005
901446,73,2026-04-05 07:09:00,earn,,1001
904871,248,2026-04-05 07:20:00,earn,,1003
903995,199,2026-04-05 07:55:00,earn,,1007
901046,54,2026-04-05 08:00:00,tier_change,,1012
903801,189,2026-04-05 08:28:00,redeem,1,1001
904013,200,2026-04-05 08:48:00,earn,,1008
900215,12,2026-04-05 09:01:00,earn,,1006
901749,85,2026-04-05 09:39:00,redeem,4,1007
901597,80,2026-04-05 09:47:00,earn,,1010
901616,80,2026-04-05 09:56:00,earn,,1010
900152,10,2026-04-05 10:48:00,earn,,1005
902121,103,2026-04-05 11:07:00,redeem,4,1004
905103,257,2026-04-05 11:54:00,earn,,1002
900210,12,2026-04-05 12:39:00,earn,,1006
900036,3,2026-04-05 13:31:00,earn,,1002
904515,228,2026-04-05 16:39:00,signup,,1004
900380,21,2026-04-05 18:12:00,earn,,1001
902192,107,2026-04-05 18:16:00,earn,,1004
904876,248,2026-04-05 18:56:00,redeem,3,1003
902902,141,2026-04-06 08:01:00,earn,,1003
904252,212,2026-04-06 08:52:00,earn,,1007
901545,79,2026-04-06 10:24:00,earn,,1009
904518,228,2026-04-06 11:24:00,earn,,1004
903753,187,2026-04-06 11:56:00,earn,,1008
901439,73,2026-04-06 12:41:00,earn,,1001
900962,51,2026-04-06 13:38:00,earn,,1005
904894,249,2026-04-06 14:25:00,earn,,1004
902050,101,2026-04-06 14:49:00,earn,,1009
902095,103,2026-04-06 15:50:00,earn,,1004
904451,224,2026-04-06 15:53:00,earn,,1007
904977,252,2026-04-06 16:58:00,redeem,4,1009
902546,123,2026-04-06 17:15:00,earn,,1002
903826,191,2026-04-06 17:47:00,signup,,1012
904747,242,2026-04-07 07:51:00,earn,,1010
900535,29,2026-04-07 08:07:00,earn,,1010
900301,16,2026-04-07 08:57:00,redeem,5,1002
900158,10,2026-04-07 09:26:00,earn,,1005
902367,117,2026-04-07 09:58:00,earn,,1009
904729,241,2026-04-07 10:09:00,signup,,1004
903627,182,2026-04-07 10:43:00,earn,,1007
901613,80,2026-04-07 11:03:00,earn,,1010
903564,178,2026-04-07 11:12:00,earn,,1002
903382,166,2026-04-07 11:19:00,earn,,1009
902835,139,2026-04-07 12:18:00,earn,,1012
901405,71,2026-04-07 14:16:00,earn,,1001
902361,117,2026-04-07 14:46:00,earn,,1009
900062,4,2026-04-07 15:04:00,earn,,1001
904851,248,2026-04-07 15:18:00,earn,,1003
900518,28,2026-04-07 15:55:00,earn,,1001
901883,91,2026-04-07 16:05:00,earn,,1009
904067,201,2026-04-07 17:43:00,earn,,1008
903453,170,2026-04-07 17:46:00,earn,,1002
904026,200,2026-04-07 18:41:00,earn,,1008
904705,239,2026-04-08 07:22:00,signup,,1007
900396,22,2026-04-08 07:50:00,earn,,1005
902495,121,2026-04-08 08:51:00,earn,,1008
902934,142,2026-04-08 09:07:00,earn,,1010
901690,83,2026-04-08 10:39:00,earn,,1007
901418,71,2026-04-08 11:06:00,earn,,1001
905140,258,2026-04-08 11:29:00,earn,,1007
902671,129,2026-04-08 12:29:00,earn,,1001
902147,105,2026-04-08 12:32:00,earn,,1009
902457,120,2026-04-08 13:34:00,earn,,1012
901205,63,2026-04-08 15:05:00,earn,,1008
904741,241,2026-04-08 15:19:00,earn,,1004
901723,84,2026-04-08 15:41:00,redeem,6,1001
901250,64,2026-04-08 16:15:00,earn,,1003
904744,241,2026-04-08 17:29:00,redeem,4,1004
900965,51,2026-04-08 18:14:00,redeem,6,1005
904966,252,2026-04-08 18:40:00,earn,,1009
903733,186,2026-04-08 18:51:00,redeem,2,1011
901802,87,2026-04-09 07:03:00,redeem,5,1007
902929,142,2026-04-09 07:06:00,earn,,1010
903713,186,2026-04-09 07:43:00,earn,,1011
902652,128,2026-04-09 08:05:00,earn,,1008
904245,211,2026-04-09 08:29:00,earn,,1005
900297,16,2026-04-09 09:12:00,redeem,3,1002
904731,241,2026-04-09 09:30:00,earn,,1004
902449,119,2026-04-09 10:16:00,redeem,4,1005
905024,254,2026-04-09 10:41:00,earn,,1010
902019,97,2026-04-09 11:49:00,earn,,1002
901449,73,2026-04-09 12:19:00,earn,,1001
901653,80,2026-04-09 12:45:00,redeem,5,1010
904280,214,2026-04-09 13:34:00,earn,,1005
904598,233,2026-04-09 13:39:00,earn,,1004
904638,234,2026-04-09 13:49:00,earn,,1006
902472,120,2026-04-09 15:10:00,earn,,1012
900073,5,2026-04-09 16:00:00,earn,,1001
903970,198,2026-04-09 16:08:00,earn,,1004
904149,206,2026-04-09 17:09:00,earn,,1006
901349,69,2026-04-09 17:17:00,earn,,1002
900494,27,2026-04-09 18:12:00,redeem,4,1011
904507,226,2026-04-10 09:08:00,earn,,1008
903542,177,2026-04-10 09:53:00,redeem,5,1009
902150,105,2026-04-10 10:54:00,earn,,1009
905076,255,2026-04-10 11:07:00,redeem,1,1010
901084,57,2026-04-10 11:57:00,earn,,1004
903356,165,2026-04-10 12:32:00,earn,,1011
902392,118,2026-04-10 12:43:00,earn,,1006
903232,157,2026-04-10 14:17:00,redeem,5,1001
900552,30,2026-04-10 14:18:00,earn,,1011
903298,160,2026-04-10 14:31:00,earn,,1010
901166,62,2026-04-10 15:20:00,earn,,1007
901495,76,2026-04-10 16:00:00,tier_change,,1012
901130,60,2026-04-10 16:56:00,earn,,1008
904115,204,2026-04-10 17:18:00,earn,,1006
902870,140,2026-04-10 17:55:00,earn,,1011
902719,132,2026-04-11 08:58:00,earn,,1003
900617,32,2026-04-11 10:03:00,earn,,1010
900332,20,2026-04-11 10:55:00,earn,,1005
905197,260,2026-04-11 12:07:00,redeem,1,1004
901877,91,2026-04-11 12:33:00,earn,,1009
904867,248,2026-04-11 12:36:00,earn,,1003
902862,140,2026-04-11 12:55:00,earn,,1011
903922,197,2026-04-11 16:13:00,earn,,1011
903955,198,2026-04-12 10:28:00,earn,,1004
905125,258,2026-04-12 11:10:00,earn,,1007
900737,38,2026-04-12 11:14:00,redeem,6,1007
905062,255,2026-04-12 11:16:00,earn,,1010
903926,197,2026-04-12 13:02:00,earn,,1011
903300,160,2026-04-12 14:13:00,earn,,1010
904327,216,2026-04-12 14:18:00,earn,,1003
902153,105,2026-04-12 14:30:00,earn,,1009
904968,252,2026-04-12 15:09:00,earn,,1009
903177,155,2026-04-12 15:11:00,earn,,1008
901696,83,2026-04-12 15:30:00,earn,,1007
903541,177,2026-04-12 16:51:00,redeem,1,1009
902215,108,2026-04-12 16:59:00,earn,,1004
901707,83,2026-04-12 17:41:00,earn,,1007
904695,238,2026-04-13 08:49:00,earn,,1006
902704,130,2026-04-13 09:22:00,earn,,1006
901382,70,2026-04-13 10:54:00,earn,,1007
901134,60,2026-04-13 11:39:00,earn,,1008
902377,117,2026-04-13 11:59:00,redeem,6,1009
902776,134,2026-04-13 12:44:00,earn,,1005
901394,70,2026-04-13 14:34:00,redeem,2,1007
901344,69,2026-04-13 15:11:00,earn,,1002
903562,178,2026-04-13 15:25:00,earn,,1002
901256,64,2026-04-13 15:41:00,redeem,3,1003
903129,151,2026-04-13 15:51:00,redeem,2,1002
902405,119,2026-04-13 15:54:00,earn,,1005
901517,78,2026-04-13 15:57:00,earn,,1007
903128,151,2026-04-13 16:59:00,redeem,2,1002
904059,201,2026-04-13 17:30:00,earn,,1008
900863,46,2026-04-13 18:05:00,earn,,1005
904421,221,2026-04-13 18:13:00,redeem,6,1006
904976,252,2026-04-14 07:12:00,earn,,1009
904551,231,2026-04-14 07:40:00,earn,,1005
902757,134,2026-04-14 07:57:00,earn,,1005
902145,105,2026-04-14 08:27:00,earn,,1009
902959,143,2026-04-14 08:28:00,earn,,1001
901790,87,2026-04-14 08:33:00,earn,,1007
904895,249,2026-04-14 09:19:00,earn,,1004
902971,144,2026-04-14 09:50:00,earn,,1012
903346,163,2026-04-14 10:00:00,tier_change,,1001
901005,53,2026-04-14 11:15:00,earn,,1003
900628,33,2026-04-14 12:39:00,earn,,1009
902771,134,2026-04-14 13:50:00,earn,,1005
900594,31,2026-04-14 14:28:00,earn,,1012
903817,190,2026-04-14 14:31:00,earn,,1002
904903,249,2026-04-14 15:19:00,earn,,1004
905185,260,2026-04-14 15:28:00,earn,,1004
903019,147,2026-04-14 16:15:00,earn,,1001
904386,221,2026-04-14 16:59:00,earn,,1006
900088,5,2026-04-14 17:20:00,earn,,1001
900663,35,2026-04-14 17:50:00,earn,,1009
900068,4,2026-04-14 17:51:00,redeem,1,1001
901824,88,2026-04-15 07:15:00,earn,,1007
901157,61,2026-04-15 07:22:00,earn,,1010
903112,151,2026-04-15 07:40:00,earn,,1002
900972,52,2026-04-15 09:58:00,earn,,1008
903979,199,2026-04-15 10:14:00,earn,,1007
900669,35,2026-04-15 10:58:00,earn,,1009
904375,219,2026-04-15 12:07:00,earn,,1001
903941,197,2026-04-15 12:18:00,redeem,6,1011
900636,33,2026-04-15 12:44:00,earn,,1009
900370,21,2026-04-15 12:55:00,earn,,1001
902822,138,2026-04-15 13:06:00,earn,,1001
903075,149,2026-04-15 14:54:00,earn,,1001
902554,123,2026-04-15 16:01:00,earn,,1002
904125,204,2026-04-15 17:03:00,earn,,1006
903344,163,2026-04-15 17:05:00,redeem,1,1001
901583,79,2026-04-15 17:09:00,redeem,2,1009
905028,254,2026-04-15 18:41:00,earn,,1010
902509,121,2026-04-16 07:00:00,tier_change,,1008
904888,249,2026-04-16 07:53:00,earn,,1004
900615,32,2026-04-16 07:55:00,earn,,1010
901445,73,2026-04-16 08:44:00,earn,,1001
904124,204,2026-04-16 09:10:00,earn,,1006
901889,91,2026-04-16 09:11:00,earn,,1009
902316,114,2026-04-16 11:12:00,signup,,1009
900747,41,2026-04-16 12:04:00,earn,,1005
902852,140,2026-04-16 12:26:00,earn,,1011
903848,193,2026-04-16 12:50:00,earn,,1009
903301,160,2026-04-16 12:54:00,earn,,1010
900843,45,2026-04-16 13:09:00,redeem,2,1006
902479,120,2026-04-16 13:51:00,redeem,3,1012
904784,244,2026-04-16 14:32:00,earn,,1002
904875,248,2026-04-16 15:25:00,redeem,2,1003
902804,136,2026-04-17 08:18:00,earn,,1011
903557,178,2026-04-17 08:54:00,earn,,1002
900476,27,2026-04-17 09:22:00,earn,,1011
905066,255,2026-04-17 09:42:00,earn,,1010
900960,51,2026-04-17 10:00:00,earn,,1005
902912,141,2026-04-17 10:15:00,earn,,1003
904107,203,2026-04-17 11:04:00,earn,,1002
903295,160,2026-04-17 11:09:00,earn,,1010
902808,136,2026-04-17 11:10:00,earn,,1011
901376,70,2026-04-17 12:51:00,earn,,1007
901262,65,2026-04-17 13:44:00,earn,,1009
900089,5,2026-04-17 14:16:00,earn,,1001
901100,57,2026-04-17 14:20:00,redeem,5,1004
900280,16,2026-04-17 14:24:00,earn,,1002
901919,92,2026-04-17 14:29:00,earn,,1010
901854,90,2026-04-17 15:15:00,signup,,1007
900994,53,2026-04-17 16:30:00,earn,,1003
901967,93,2026-04-17 16:40:00,earn,,1006
903812,190,2026-04-17 18:00:00,earn,,1002
903040,147,2026-04-17 18:09:00,earn,,1001
903359,165,2026-04-17 18:28:00,earn,,1011
905190,260,2026-04-18 07:13:00,earn,,1004
902638,128,2026-04-18 09:14:00,earn,,1008
903274,159,2026-04-18 09:28:00,earn,,1007
901793,87,2026-04-18 09:30:00,earn,,1007
904858,248,2026-04-18 09:36:00,earn,,1003
902056,101,2026-04-18 09:56:00,earn,,1009
902594,125,2026-04-18 10:05:00,earn,,1008
900601,31,2026-04-18 10:06:00,earn,,1012
904872,248,2026-04-18 10:17:00,earn,,1003
902621,127,2026-04-18 11:52:00,earn,,1007
902654,128,2026-04-18 12:14:00,earn,,1008
903873,193,2026-04-18 12:28:00,redeem,6,1009
904589,233,2026-04-18 12:52:00,earn,,1004
903974,199,2026-04-18 13:13:00,earn,,1007
900413,22,2026-04-18 13:18:00,redeem,2,1005
902853,140,2026-04-18 14:01:00,earn,,1011
901268,65,2026-04-18 14:35:00,earn,,1009
900502,28,2026-04-18 14:47:00,earn,,1001
903538,177,2026-04-18 15:36:00,earn,,1009
902223,108,2026-04-18 15:50:00,redeem,4,1004
901328,68,2026-04-18 17:10:00,earn,,1010
900242,14,2026-04-18 17:14:00,signup,,1010
903892,194,2026-04-18 17:48:00,earn,,1008
902012,97,2026-04-19 07:26:00,earn,,1002
901623,80,2026-04-19 07:51:00,earn,,1010
901114,59,2026-04-19 08:04:00,signup,,1010
902825,138,2026-04-19 08:42:00,earn,,1001
905073,255,2026-04-19 09:33:00,redeem,4,1010
900645,33,2026-04-19 09:53:00,redeem,6,1009
904435,223,2026-04-19 10:18:00,signup,,1007
904997,253,2026-04-19 10:36:00,earn,,1001
904768,243,2026-04-19 13:14:00,earn,,1006
902103,103,2026-04-19 13:27:00,earn,,1004
900555,30,2026-04-19 14:18:00,earn,,1011
904303,215,2026-04-19 15:02:00,earn,,1005
900995,53,2026-04-19 15:05:00,earn,,1003
904907,249,2026-04-19 15:29:00,earn,,1004
900749,41,2026-04-19 15:40:00,earn,,1005
903782,189,2026-04-19 16:16:00,earn,,1001
900810,44,2026-04-19 17:24:00,redeem,3,1002
901286,66,2026-04-19 17:42:00,earn,,1002
901955,93,2026-04-19 18:26:00,earn,,1006
904326,216,2026-04-20 07:37:00,earn,,1003
900536,29,2026-04-20 07:38:00,earn,,1010
903699,184,2026-04-20 07:45:00,redeem,1,1007
900223,12,2026-04-20 08:06:00,earn,,1006
902157,105,2026-04-20 08:15:00,redeem,5,1009
904128,204,2026-04-20 08:44:00,earn,,1006
904323,216,2026-04-20 08:59:00,earn,,1003
901536,78,2026-04-20 09:26:00,redeem,3,1007
902481,121,2026-04-20 10:46:00,earn,,1008
902809,136,2026-04-20 10:47:00,redeem,4,1011
904466,224,2026-04-20 10:57:00,earn,,1007
905074,255,2026-04-20 12:15:00,redeem,4,1010
903408,167,2026-04-20 14:51:00,earn,,1008
903947,198,2026-04-20 15:34:00,earn,,1004
900519,28,2026-04-20 15:49:00,earn,,1001
902317,114,2026-04-20 16:02:00,earn,,1009
904561,231,2026-04-20 18:36:00,redeem,2,1005
901242,64,2026-04-21 07:04:00,earn,,1003
904670,237,2026-04-21 09:25:00,earn,,1011
904438,223,2026-04-21 09:39:00,earn,,1007
903700,184,2026-04-21 10:46:00,redeem,4,1007
904447,223,2026-04-21 11:45:00,redeem,4,1007
901589,79,2026-04-21 12:27:00,redeem,5,1009
903536,177,2026-04-21 13:08:00,earn,,1009
903882,194,2026-04-21 13:27:00,earn,,1008
905057,255,2026-04-21 14:17:00,earn,,1010
900084,5,2026-04-21 14:20:00,earn,,1001
901454,73,2026-04-21 14:21:00,earn,,1001
904242,211,2026-04-21 15:08:00,earn,,1005
903726,186,2026-04-21 15:13:00,earn,,1011
903864,193,2026-04-21 16:15:00,earn,,1009
902892,141,2026-04-21 16:41:00,earn,,1003
901067,56,2026-04-21 17:19:00,earn,,1006
902630,127,2026-04-21 17:20:00,earn,,1007
901476,76,2026-04-21 18:00:00,earn,,1012
900096,7,2026-04-22 07:33:00,signup,,1001
903420,169,2026-04-22 08:20:00,earn,,1001
904511,226,2026-04-22 08:38:00,earn,,1008
902759,134,2026-04-22 08:40:00,earn,,1005
902333,115,2026-04-22 08:41:00,earn,,1007
904035,201,2026-04-22 09:26:00,earn,,1008
903502,171,2026-04-22 09:34:00,earn,,1002
903695,184,2026-04-22 12:52:00,redeem,2,1007
901153,61,2026-04-22 13:10:00,earn,,1010
905194,260,2026-04-22 13:30:00,redeem,5,1004
904433,222,2026-04-22 14:42:00,redeem,6,1003
902488,121,2026-04-22 15:47:00,earn,,1008
902097,103,2026-04-22 16:00:00,earn,,1004
904776,244,2026-04-22 16:22:00,earn,,1002
901745,85,2026-04-22 17:07:00,earn,,1007
903273,159,2026-04-22 17:40:00,earn,,1007
904042,201,2026-04-23 07:42:00,earn,,1008
901132,60,2026-04-23 07:48:00,earn,,1008
900829,45,2026-04-23 08:22:00,earn,,1006
900205,12,2026-04-23 08:31:00,earn,,1006
901683,82,2026-04-23 09:15:00,redeem,4,1003
903079,149,2026-04-23 09:53:00,earn,,1001
904094,203,2026-04-23 10:43:00,earn,,1002
902464,120,2026-04-23 10:54:00,earn,,1012
901792,87,2026-04-23 11:20:00,earn,,1007
904309,215,2026-04-23 11:26:00,earn,,1005
901078,56,2026-04-23 12:24:00,earn,,1006
903391,166,2026-04-23 15:40:00,earn,,1009
904979,252,2026-04-23 16:23:00,redeem,2,1009
901844,89,2026-04-23 16:42:00,earn,,1006
902778,134,2026-04-23 17:13:00,redeem,1,1005
903885,194,2026-04-23 17:21:00,earn,,1008
902336,116,2026-04-24 07:04:00,signup,,1011
901705,83,2026-04-24 07:54:00,earn,,1007
903705,186,2026-04-24 08:07:00,earn,,1011
900949,51,2026-04-24 08:13:00,earn,,1005
902818,138,2026-04-24 08:24:00,earn,,1001
904001,199,2026-04-24 09:12:00,earn,,1007
901867,90,2026-04-24 10:11:00,redeem,5,1007
900556,30,2026-04-24 10:53:00,earn,,1011
902053,101,2026-04-24 11:31:00,earn,,1009
903845,193,2026-04-24 12:12:00,earn,,1009
904233,211,2026-04-24 13:03:00,earn,,1005
901811,88,2026-04-24 13:17:00,earn,,1007
902144,105,2026-04-24 13:28:00,earn,,1009
901931,92,2026-04-24 13:29:00,earn,,1010
902166,106,2026-04-24 14:39:00,earn,,1003
904520,228,2026-04-24 15:59:00,earn,,1004
902062,101,2026-04-24 16:00:00,earn,,1009
904848,248,2026-04-24 16:12:00,earn,,1003
904715,239,2026-04-24 16:25:00,earn,,1007
902073,102,2026-04-24 17:00:00,earn,,1008
900422,23,2026-04-24 17:02:00,earn,,1007
901451,73,2026-04-24 17:05:00,earn,,1001
903679,184,2026-04-24 17:37:00,earn,,1007
900052,4,2026-04-25 07:55:00,earn,,1001
901062,56,2026-04-25 08:03:00,earn,,1006
904317,216,2026-04-25 08:56:00,earn,,1003
903633,182,2026-04-25 09:31:00,earn,,1007
901350,69,2026-04-25 09:31:00,earn,,1002
904228,211,2026-04-25 10:00:00,earn,,1005
901603,80,2026-04-25 10:23:00,earn,,1010
901415,71,2026-04-25 10:54:00,earn,,1001
903969,198,2026-04-25 11:31:00,earn,,1004
904795,245,2026-04-25 11:44:00,signup,,1001
900538,29,2026-04-25 12:38:00,earn,,1010
904667,237,2026-04-25 12:56:00,earn,,1011
903272,159,2026-04-25 12:58:00,earn,,1007
903064,148,2026-04-25 13:21:00,redeem,6,1011
900835,45,2026-04-25 14:46:00,earn,,1006
904429,222,2026-04-25 16:42:00,earn,,1003
901864,90,2026-04-25 18:04:00,earn,,1007
900358,20,2026-04-26 07:26:00,redeem,5,1005
904853,248,2026-04-26 08:19:00,earn,,1003
900104,7,2026-04-26 10:04:00,earn,,1001
900206,12,2026-04-26 10:14:00,earn,,1006
902847,140,2026-04-26 10:53:00,earn,,1011
902140,105,2026-04-26 11:16:00,earn,,1009
902580,124,2026-04-26 12:19:00,earn,,1010
904960,252,2026-04-26 13:13:00,earn,,1009
902694,130,2026-04-26 13:51:00,earn,,1006
900333,20,2026-04-26 14:16:00,earn,,1005
901606,80,2026-04-26 14:16:00,earn,,1010
902717,132,2026-04-26 15:06:00,earn,,1003
903261,158,2026-04-26 15:55:00,redeem,1,1001
900977,53,2026-04-26 15:56:00,earn,,1003
903466,170,2026-04-26 16:02:00,earn,,1002
902784,135,2026-04-26 17:26:00,earn,,1004
902898,141,2026-04-26 17:26:00,earn,,1003
904364,219,2026-04-26 18:06:00,earn,,1001
900337,20,2026-04-26 18:37:00,earn,,1005
903865,193,2026-04-26 18:39:00,earn,,1009
902601,125,2026-04-27 07:28:00,earn,,1008
902901,141,2026-04-27 07:53:00,earn,,1003
904276,212,2026-04-27 08:25:00,redeem,6,1007
900997,53,2026-04-27 08:46:00,earn,,1003
903529,177,2026-04-27 09:58:00,earn,,1009
901116,59,2026-04-27 10:25:00,earn,,1010
901208,63,2026-04-27 10:35:00,earn,,1008
902174,106,2026-04-27 10:42:00,earn,,1003
904699,238,2026-04-27 11:05:00,earn,,1006
902731,132,2026-04-27 13:26:00,earn,,1003
904756,242,2026-04-27 15:42:00,redeem,1,1010
904712,239,2026-04-27 18:59:00,earn,,1007
901143,60,2026-04-28 07:51:00,redeem,4,1008
902452,119,2026-04-28 08:59:00,redeem,3,1005
904378,219,2026-04-28 09:05:00,redeem,4,1001
900578,31,2026-04-28 09:07:00,earn,,1012
901483,76,2026-04-28 09:09:00,earn,,1012
904025,200,2026-04-28 09:30:00,earn,,1008
901059,56,2026-04-28 09:58:00,earn,,1006
901249,64,2026-04-28 10:28:00,earn,,1003
902213,108,2026-04-28 10:59:00,earn,,1004
901282,65,2026-04-28 11:45:00,redeem,5,1009
904302,215,2026-04-28 13:06:00,earn,,1005
903134,152,2026-04-28 15:05:00,signup,,1009
902507,121,2026-04-28 15:17:00,redeem,1,1008
902207,108,2026-04-28 16:36:00,earn,,1004
902085,102,2026-04-28 16:52:00,earn,,1008
904129,204,2026-04-28 16:52:00,earn,,1006
902459,120,2026-04-28 18:06:00,earn,,1012
904582,233,2026-04-28 18:26:00,earn,,1004
903175,155,2026-04-29 07:32:00,earn,,1008
903584,180,2026-04-29 09:00:00,signup,,1008
903285,160,2026-04-29 09:35:00,earn,,1010
904334,217,2026-04-29 10:42:00,signup,,1007
903661,182,2026-04-29 11:36:00,redeem,1,1007
900098,7,2026-04-29 12:17:00,earn,,1001
901424,72,2026-04-29 12:26:00,signup,,1009
903600,180,2026-04-29 12:48:00,redeem,6,1008
900701,38,2026-04-29 12:55:00,earn,,1007
902899,141,2026-04-29 13:00:00,earn,,1003
903389,166,2026-04-29 13:18:00,earn,,1009
902975,144,2026-04-29 13:20:00,earn,,1012
901797,87,2026-04-29 13:33:00,redeem,2,1007
904586,233,2026-04-29 14:56:00,earn,,1004
904805,245,2026-04-29 15:11:00,earn,,1001
901429,72,2026-04-29 15:41:00,earn,,1009
900335,20,2026-04-29 15:56:00,earn,,1005
901187,62,2026-04-29 16:29:00,earn,,1007
903035,147,2026-04-29 17:08:00,earn,,1001
902198,107,2026-04-29 17:59:00,earn,,1004
903076,149,2026-04-29 18:01:00,earn,,1001
902643,128,2026-04-29 18:09:00,earn,,1008
904260,212,2026-04-29 18:30:00,earn,,1007
902799,136,2026-04-29 18:36:00,earn,,1011
900541,29,2026-04-30 08:13:00,redeem,4,1010
901682,82,2026-04-30 08:25:00,earn,,1003
905034,254,2026-04-30 08:58:00,earn,,1010
900120,9,2026-04-30 09:17:00,earn,,1008
902246,109,2026-04-30 09:17:00,earn,,1002
903219,157,2026-04-30 10:03:00,earn,,1001
902325,114,2026-04-30 10:05:00,redeem,2,1009
904806,245,2026-04-30 10:15:00,earn,,1001
901129,60,2026-04-30 10:27:00,earn,,1008
901450,73,2026-04-30 11:23:00,earn,,1001
904263,212,2026-04-30 12:00:00,earn,,1007
900848,45,2026-04-30 12:36:00,redeem,3,1006
903765,187,2026-04-30 12:36:00,redeem,1,1008
901310,68,2026-04-30 12:39:00,earn,,1010
900414,22,2026-04-30 13:31:00,redeem,3,1005
902382,118,2026-04-30 14:03:00,earn,,1006
900902,48,2026-04-30 14:30:00,signup,,1004
901462,75,2026-04-30 15:24:00,signup,,1002
902979,144,2026-04-30 16:27:00,earn,,1012
904713,239,2026-04-30 17:15:00,earn,,1007
904823,247,2026-04-30 18:27:00,earn,,1001
904788,244,2026-04-30 18:43:00,earn,,1002
903933,197,2026-04-30 18:53:00,earn,,1011
901047,55,2026-05-01 08:29:00,signup,,1011
903641,182,2026-05-01 08:40:00,earn,,1007
901044,54,2026-05-01 09:01:00,redeem,3,1012
900420,23,2026-05-01 09:12:00,earn,,1007
901470,75,2026-05-01 09:47:00,earn,,1002
900913,48,2026-05-01 10:04:00,earn,,1004
901000,53,2026-05-01 10:05:00,earn,,1003
901935,92,2026-05-01 10:29:00,earn,,1010
904691,238,2026-05-01 10:43:00,earn,,1006
902851,140,2026-05-01 12:00:00,earn,,1011
901865,90,2026-05-01 12:14:00,earn,,1007
904180,207,2026-05-01 13:21:00,earn,,1002
903532,177,2026-05-01 13:44:00,earn,,1009
903828,191,2026-05-01 14:30:00,earn,,1012
902381,118,2026-05-01 14:30:00,earn,,1006
904341,217,2026-05-01 15:24:00,earn,,1007
901050,55,2026-05-01 15:46:00,earn,,1011
904802,245,2026-05-01 16:41:00,earn,,1001
904841,247,2026-05-02 08:00:00,tier_change,,1001
902114,103,2026-05-02 08:28:00,earn,,1004
902780,134,2026-05-02 08:57:00,redeem,3,1005
903555,178,2026-05-02 10:19:00,earn,,1002
900568,30,2026-05-02 12:06:00,earn,,1011
903927,197,2026-05-02 12:07:00,earn,,1011
900652,34,2026-05-02 12:23:00,signup,,1008
903593,180,2026-05-02 13:09:00,earn,,1008
901013,53,2026-05-02 14:38:00,redeem,4,1003
902728,132,2026-05-02 14:47:00,earn,,1003
904271,212,2026-05-02 15:19:00,earn,,1007
901295,66,2026-05-02 15:26:00,earn,,1002
900912,48,2026-05-02 16:29:00,earn,,1004
902607,125,2026-05-02 16:34:00,redeem,3,1008
901947,93,2026-05-02 17:20:00,earn,,1006
902893,141,2026-05-02 17:43:00,earn,,1003
901972,93,2026-05-02 17:52:00,redeem,3,1006
903337,163,2026-05-02 18:00:00,earn,,1001
902522,122,2026-05-02 18:02:00,earn,,1012
901453,73,2026-05-02 18:26:00,earn,,1001
900721,38,2026-05-02 18:36:00,earn,,1007
904322,216,2026-05-02 18:40:00,earn,,1003
903378,165,2026-05-02 18:48:00,redeem,3,1011
902306,113,2026-05-03 07:59:00,earn,,1005
905127,258,2026-05-03 08:12:00,earn,,1007
900199,11,2026-05-03 08:32:00,earn,,1004
903434,169,2026-05-03 11:56:00,earn,,1001
904769,243,2026-05-03 12:29:00,earn,,1006
900196,11,2026-05-03 12:34:00,earn,,1004
903965,198,2026-05-03 13:40:00,earn,,1004
903210,157,2026-05-03 14:45:00,earn,,1001
902511,122,2026-05-03 14:46:00,earn,,1012
901857,90,2026-05-03 15:02:00,earn,,1007
900571,30,2026-05-03 15:05:00,redeem,5,1011
900964,51,2026-05-03 15:06:00,redeem,2,1005
903093,150,2026-05-03 15:52:00,signup,,1003
902724,132,2026-05-03 16:00:00,earn,,1003
902990,144,2026-05-03 16:24:00,earn,,1012
902194,107,2026-05-03 16:40:00,earn,,1004
903863,193,2026-05-03 16:43:00,earn,,1009
900322,20,2026-05-03 17:17:00,earn,,1005
902307,113,2026-05-03 18:09:00,earn,,1005
904074,202,2026-05-04 07:12:00,signup,,1011
902834,139,2026-05-04 07:22:00,earn,,1012
903888,194,2026-05-04 08:16:00,earn,,1008
903032,147,2026-05-04 08:43:00,earn,,1001
903756,187,2026-05-04 09:39:00,earn,,1008
903057,148,2026-05-04 10:24:00,earn,,1011
905042,255,2026-05-04 11:08:00,earn,,1010
902015,97,2026-05-04 11:59:00,earn,,1002
905108,257,2026-05-04 12:04:00,earn,,1002
901855,90,2026-05-04 12:28:00,earn,,1007
904778,244,2026-05-04 13:05:00,earn,,1002
903275,159,2026-05-04 15:28:00,earn,,1007
902795,136,2026-05-04 16:24:00,earn,,1011
902370,117,2026-05-04 16:46:00,earn,,1009
902787,135,2026-05-04 17:23:00,earn,,1004
902699,130,2026-05-04 18:24:00,earn,,1006
903479,170,2026-05-04 18:34:00,earn,,1002
904439,223,2026-05-04 18:43:00,earn,,1007
903626,182,2026-05-05 07:10:00,earn,,1007
902764,134,2026-05-05 07:30:00,earn,,1005
902844,139,2026-05-05 08:00:00,tier_change,,1012
902172,106,2026-05-05 08:12:00,earn,,1003
902168,106,2026-05-05 09:12:00,earn,,1003
900383,21,2026-05-05 09:58:00,earn,,1001
901054,55,2026-05-05 10:05:00,earn,,1011
902399,118,2026-05-05 10:21:00,earn,,1006
904733,241,2026-05-05 14:40:00,earn,,1004
903450,169,2026-05-05 15:00:00,tier_change,,1001
901808,87,2026-05-05 15:00:00,tier_change,,1007
902216,108,2026-05-05 15:12:00,earn,,1004
900885,46,2026-05-05 15:30:00,redeem,5,1005
902354,117,2026-05-05 16:15:00,earn,,1009
900598,31,2026-05-05 17:03:00,earn,,1012
901204,63,2026-05-05 17:09:00,earn,,1008
902545,123,2026-05-05 17:28:00,earn,,1002
903179,155,2026-05-05 18:32:00,earn,,1008
902944,143,2026-05-06 07:35:00,earn,,1001
902950,143,2026-05-06 08:55:00,earn,,1001
901963,93,2026-05-06 09:46:00,earn,,1006
900285,16,2026-05-06 10:07:00,earn,,1002
902820,138,2026-05-06 10:32:00,earn,,1001
900783,43,2026-05-06 10:52:00,signup,,1003
903755,187,2026-05-06 11:10:00,earn,,1008
902574,124,2026-05-06 12:12:00,earn,,1010
900439,24,2026-05-06 12:51:00,signup,,1001
905192,260,2026-05-06 14:17:00,earn,,1004
900844,45,2026-05-06 14:19:00,redeem,3,1006
900171,10,2026-05-06 14:43:00,earn,,1005
904428,222,2026-05-06 14:49:00,earn,,1003
902788,135,2026-05-06 15:18:00,earn,,1004
901161,61,2026-05-06 17:21:00,redeem,4,1010
900244,14,2026-05-07 07:04:00,earn,,1010
904453,224,2026-05-07 07:23:00,earn,,1007
900920,48,2026-05-07 07:34:00,redeem,1,1004
903070,149,2026-05-07 08:01:00,earn,,1001
902323,114,2026-05-07 08:09:00,earn,,1009
902733,132,2026-05-07 08:37:00,earn,,1003
904986,253,2026-05-07 08:40:00,earn,,1001
903935,197,2026-05-07 09:58:00,earn,,1011
900539,29,2026-05-07 10:01:00,earn,,1010
904338,217,2026-05-07 10:35:00,earn,,1007
900150,10,2026-05-07 11:50:00,earn,,1005
900245,14,2026-05-07 11:53:00,earn,,1010
900020,3,2026-05-07 12:46:00,earn,,1002
902656,128,2026-05-07 14:07:00,earn,,1008
904829,247,2026-05-07 14:42:00,earn,,1001
904819,247,2026-05-07 14:53:00,earn,,1001
904522,228,2026-05-07 15:13:00,earn,,1004
904366,219,2026-05-07 15:54:00,earn,,1001
904970,252,2026-05-07 18:20:00,earn,,1009
904688,238,2026-05-07 18:52:00,earn,,1006
902883,140,2026-05-07 18:53:00,redeem,5,1011
905178,260,2026-05-08 07:44:00,earn,,1004
901642,80,2026-05-08 07:53:00,redeem,2,1010
904738,241,2026-05-08 07:59:00,earn,,1004
903390,166,2026-05-08 09:29:00,earn,,1009
901945,93,2026-05-08 10:32:00,earn,,1006
900911,48,2026-05-08 11:48:00,earn,,1004
902254,109,2026-05-08 12:28:00,earn,,1002
901567,79,2026-05-08 13:03:00,earn,,1009
902876,140,2026-05-08 13:32:00,redeem,3,1011
900373,21,2026-05-08 14:05:00,earn,,1001
904732,241,2026-05-08 14:31:00,earn,,1004
902232,109,2026-05-08 14:33:00,earn,,1002
901138,60,2026-05-08 14:39:00,earn,,1008
900250,14,2026-05-08 15:03:00,earn,,1010
901299,66,2026-05-08 15:50:00,earn,,1002
901337,68,2026-05-08 16:39:00,redeem,5,1010
901160,61,2026-05-08 17:52:00,redeem,6,1010
900860,46,2026-05-08 18:41:00,earn,,1005
900627,33,2026-05-09 07:15:00,earn,,1009
902189,107,2026-05-09 08:25:00,earn,,1004
901278,65,2026-05-09 09:14:00,earn,,1009
902351,117,2026-05-09 12:09:00,earn,,1009
901285,66,2026-05-09 12:18:00,earn,,1002
903059,148,2026-05-09 12:22:00,earn,,1011
901716,84,2026-05-09 13:05:00,earn,,1001
903549,178,2026-05-09 13:17:00,earn,,1002
900971,52,2026-05-09 13:17:00,earn,,1008
901057,55,2026-05-09 13:58:00,earn,,1011
900658,34,2026-05-09 14:53:00,earn,,1008
900563,30,2026-05-09 15:05:00,earn,,1011
904736,241,2026-05-09 15:36:00,earn,,1004
902823,138,2026-05-09 16:16:00,earn,,1001
902861,140,2026-05-09 18:10:00,earn,,1011
903067,149,2026-05-09 18:19:00,earn,,1001
900616,32,2026-05-09 18:37:00,earn,,1010
904101,203,2026-05-10 08:03:00,earn,,1002
901366,70,2026-05-10 08:47:00,earn,,1007
902698,130,2026-05-10 09:20:00,earn,,1006
902961,143,2026-05-10 10:12:00,earn,,1001
900655,34,2026-05-10 10:32:00,earn,,1008
900803,44,2026-05-10 10:57:00,earn,,1002
905170,260,2026-05-10 11:07:00,earn,,1004
900363,21,2026-05-10 12:21:00,earn,,1001
902674,129,2026-05-10 13:09:00,earn,,1001
901266,65,2026-05-10 13:13:00,earn,,1009
900506,28,2026-05-10 13:34:00,earn,,1001
905020,254,2026-05-10 14:51:00,earn,,1010
904121,204,2026-05-10 15:53:00,earn,,1006
904711,239,2026-05-10 16:54:00,earn,,1007
904542,231,2026-05-10 17:44:00,earn,,1005
902932,142,2026-05-10 18:54:00,earn,,1010
900194,11,2026-05-11 07:32:00,earn,,1004
904134,205,2026-05-11 08:16:00,signup,,1005
902631,127,2026-05-11 09:50:00,earn,,1007
904446,223,2026-05-11 11:09:00,earn,,1007
904477,225,2026-05-11 11:14:00,earn,,1008
900108,7,2026-05-11 12:03:00,earn,,1001
904009,199,2026-05-11 12:26:00,redeem,6,1007
903048,147,2026-05-11 12:48:00,redeem,1,1001
904816,247,2026-05-11 12:54:00,earn,,1001
903433,169,2026-05-11 13:23:00,earn,,1001
901754,86,2026-05-11 13:52:00,signup,,1002
904798,245,2026-05-11 14:10:00,earn,,1001
903944,197,2026-05-11 15:00:00,tier_change,,1011
900417,22,2026-05-11 15:30:00,redeem,1,1005
901524,78,2026-05-11 16:19:00,earn,,1007
905147,258,2026-05-11 16:42:00,earn,,1007
902789,135,2026-05-11 17:15:00,earn,,1004
900867,46,2026-05-11 17:44:00,earn,,1005
902520,122,2026-05-11 17:53:00,earn,,1012
900041,3,2026-05-11 18:13:00,earn,,1002
902109,103,2026-05-12 07:25:00,earn,,1004
903687,184,2026-05-12 07:42:00,earn,,1007
903834,191,2026-05-12 08:31:00,earn,,1012
902332,115,2026-05-12 08:32:00,earn,,1007
902943,143,2026-05-12 09:17:00,earn,,1001
902485,121,2026-05-12 10:01:00,earn,,1008
905027,254,2026-05-12 10:28:00,earn,,1010
904549,231,2026-05-12 11:08:00,earn,,1005
901069,56,2026-05-12 11:20:00,earn,,1006
901980,96,2026-05-12 12:13:00,signup,,1002
904689,238,2026-05-12 15:02:00,earn,,1006
901620,80,2026-05-12 15:09:00,earn,,1010
902609,125,2026-05-12 16:42:00,redeem,5,1008
902928,142,2026-05-12 17:32:00,earn,,1010
900124,9,2026-05-13 07:15:00,earn,,1008
903148,152,2026-05-13 07:17:00,redeem,1,1009
903951,198,2026-05-13 08:09:00,earn,,1004
901334,68,2026-05-13 08:48:00,earn,,1010
903820,190,2026-05-13 08:56:00,earn,,1002
902248,109,2026-05-13 09:43:00,earn,,1002
900687,37,2026-05-13 10:20:00,signup,,1007
901136,60,2026-05-13 10:26:00,earn,,1008
905149,258,2026-05-13 10:37:00,earn,,1007
902492,121,2026-05-13 11:00:00,earn,,1008
902641,128,2026-05-13 11:45:00,earn,,1008
900916,48,2026-05-13 12:06:00,earn,,1004
903271,159,2026-05-13 14:17:00,earn,,1007
900851,45,2026-05-13 15:10:00,redeem,4,1006
903243,158,2026-05-13 15:35:00,earn,,1001
903543,177,2026-05-13 15:49:00,redeem,3,1009
903879,193,2026-05-13 16:00:00,tier_change,,1009
901858,90,2026-05-13 16:19:00,earn,,1007
902587,125,2026-05-13 17:08:00,earn,,1008
900947,51,2026-05-13 17:29:00,earn,,1005
902021,97,2026-05-14 07:17:00,redeem,5,1002
900248,14,2026-05-14 07:33:00,earn,,1010
901511,78,2026-05-14 08:59:00,earn,,1007
900574,30,2026-05-14 09:11:00,redeem,5,1011
900217,12,2026-05-14 09:35:00,earn,,1006
904155,206,2026-05-14 10:08:00,redeem,4,1006
903605,181,2026-05-14 10:40:00,earn,,1012
901063,56,2026-05-14 11:06:00,earn,,1006
900922,49,2026-05-14 11:19:00,signup,,1004
900906,48,2026-05-14 11:34:00,earn,,1004
902324,114,2026-05-14 11:49:00,redeem,3,1009
904135,205,2026-05-14 11:50:00,earn,,1005
902549,123,2026-05-14 12:22:00,earn,,1002
903200,157,2026-05-14 14:26:00,earn,,1001
900043,3,2026-05-14 14:57:00,redeem,4,1002
900065,4,2026-05-14 15:39:00,earn,,1001
902022,97,2026-05-14 15:53:00,redeem,3,1002
900063,4,2026-05-14 16:07:00,earn,,1001
903370,165,2026-05-14 16:09:00,earn,,1011
903357,165,2026-05-14 16:25:00,earn,,1011
901879,91,2026-05-14 16:46:00,earn,,1009
900203,12,2026-05-14 16:47:00,earn,,1006
904510,226,2026-05-14 17:06:00,earn,,1008
900735,38,2026-05-14 18:03:00,redeem,3,1007
900760,42,2026-05-15 07:16:00,earn,,1008
902006,97,2026-05-15 07:37:00,earn,,1002
904472,224,2026-05-15 08:37:00,earn,,1007
904249,212,2026-05-15 10:40:00,earn,,1007
901761,86,2026-05-15 11:52:00,earn,,1002
902458,120,2026-05-15 13:04:00,earn,,1012
904143,205,2026-05-15 14:06:00,earn,,1005
902156,105,2026-05-15 14:32:00,redeem,3,1009
900614,32,2026-05-15 14:50:00,earn,,1010
900109,7,2026-05-15 15:24:00,redeem,4,1001
903244,158,2026-05-15 16:13:00,earn,,1001
902735,132,2026-05-15 16:42:00,earn,,1003
904596,233,2026-05-15 17:06:00,earn,,1004
900969,52,2026-05-15 18:21:00,earn,,1008
901127,59,2026-05-16 07:11:00,redeem,2,1010
902904,141,2026-05-16 08:08:00,earn,,1003
904772,243,2026-05-16 08:33:00,redeem,3,1006
904833,247,2026-05-16 09:00:00,earn,,1001
904777,244,2026-05-16 09:20:00,earn,,1002
900488,27,2026-05-16 09:46:00,earn,,1011
903223,157,2026-05-16 09:59:00,redeem,2,1001
902512,122,2026-05-16 10:07:00,earn,,1012
903962,198,2026-05-16 10:10:00,earn,,1004
902629,127,2026-05-16 11:11:00,earn,,1007
900106,7,2026-05-16 13:19:00,earn,,1001
902689,130,2026-05-16 13:43:00,earn,,1006
904553,231,2026-05-16 14:36:00,earn,,1005
903341,163,2026-05-16 16:05:00,earn,,1001
904070,201,2026-05-16 16:18:00,redeem,2,1008
900923,49,2026-05-16 17:36:00,earn,,1004
902791,135,2026-05-17 07:00:00,tier_change,,1004
901607,80,2026-05-17 08:20:00,earn,,1010
900290,16,2026-05-17 09:15:00,earn,,1002
900656,34,2026-05-17 09:21:00,earn,,1008
903628,182,2026-05-17 09:33:00,earn,,1007
901706,83,2026-05-17 11:07:00,earn,,1007
905035,254,2026-05-17 11:32:00,redeem,5,1010
903495,171,2026-05-17 11:37:00,earn,,1002
901149,61,2026-05-17 13:39:00,earn,,1010
901364,70,2026-05-17 13:56:00,earn,,1007
901203,63,2026-05-17 14:50:00,earn,,1008
901122,59,2026-05-17 15:14:00,earn,,1010
904837,247,2026-05-17 15:16:00,redeem,4,1001
902625,127,2026-05-17 15:39:00,earn,,1007
903138,152,2026-05-17 16:38:00,earn,,1009
900429,23,2026-05-17 17:48:00,earn,,1007
903825,190,2026-05-17 18:00:00,tier_change,,1002
904080,202,2026-05-17 18:02:00,earn,,1011
901325,68,2026-05-18 07:08:00,earn,,1010
902634,127,2026-05-18 07:27:00,earn,,1007
900662,35,2026-05-18 08:15:00,earn,,1009
905106,257,2026-05-18 08:25:00,earn,,1002
904541,231,2026-05-18 08:38:00,earn,,1005
903599,180,2026-05-18 10:32:00,redeem,2,1008
903567,178,2026-05-18 10:40:00,redeem,4,1002
902498,121,2026-05-18 10:43:00,earn,,1008
900362,21,2026-05-18 10:50:00,earn,,1001
902143,105,2026-05-18 12:59:00,earn,,1009
904200,209,2026-05-18 13:25:00,signup,,1003
904690,238,2026-05-18 13:31:00,earn,,1006
902626,127,2026-05-18 13:32:00,earn,,1007
904137,205,2026-05-18 13:56:00,earn,,1005
903837,191,2026-05-18 14:45:00,earn,,1012
900726,38,2026-05-18 14:54:00,earn,,1007
900821,45,2026-05-18 16:14:00,earn,,1006
904377,219,2026-05-18 16:43:00,redeem,4,1001
903656,182,2026-05-18 16:48:00,earn,,1007
902843,139,2026-05-18 17:24:00,redeem,3,1012
902935,142,2026-05-18 17:45:00,earn,,1010
901277,65,2026-05-18 17:49:00,earn,,1009
902793,136,2026-05-18 18:56:00,earn,,1011
901140,60,2026-05-19 07:18:00,earn,,1008
901380,70,2026-05-19 07:52:00,earn,,1007
902395,118,2026-05-19 09:15:00,earn,,1006
900948,51,2026-05-19 09:41:00,earn,,1005
900850,45,2026-05-19 09:54:00,redeem,5,1006
903188,155,2026-05-19 10:07:00,earn,,1008
901746,85,2026-05-19 10:51:00,earn,,1007
903361,165,2026-05-19 11:39:00,earn,,1011
903362,165,2026-05-19 11:40:00,earn,,1011
903598,180,2026-05-19 12:11:00,earn,,1008
903081,149,2026-05-19 12:28:00,earn,,1001
902035,100,2026-05-19 13:21:00,signup,,1005
900067,4,2026-05-19 14:34:00,redeem,6,1001
901986,96,2026-05-19 14:40:00,earn,,1002
905114,257,2026-05-19 14:57:00,redeem,2,1002
900516,28,2026-05-19 15:11:00,earn,,1001
903883,194,2026-05-19 17:23:00,earn,,1008
901763,86,2026-05-19 18:49:00,earn,,1002
904371,219,2026-05-20 07:22:00,earn,,1001
902229,109,2026-05-20 07:36:00,earn,,1002
904330,216,2026-05-20 07:38:00,earn,,1003
902288,112,2026-05-20 08:12:00,signup,,1005
903334,163,2026-05-20 08:14:00,earn,,1001
900859,46,2026-05-20 08:37:00,earn,,1005
902927,142,2026-05-20 08:44:00,earn,,1010
904830,247,2026-05-20 10:27:00,earn,,1001
902620,127,2026-05-20 11:13:00,earn,,1007
901868,90,2026-05-20 12:51:00,redeem,2,1007
902199,107,2026-05-20 12:52:00,earn,,1004
904038,201,2026-05-20 13:30:00,earn,,1008
901173,62,2026-05-20 13:40:00,earn,,1007
902588,125,2026-05-20 14:15:00,earn,,1008
904796,245,2026-05-20 14:41:00,earn,,1001
904269,212,2026-05-20 14:42:00,earn,,1007
902954,143,2026-05-20 15:35:00,earn,,1001
900612,32,2026-05-20 16:25:00,earn,,1010
900054,4,2026-05-20 16:47:00,earn,,1001
901731,85,2026-05-20 17:30:00,earn,,1007
900706,38,2026-05-20 17:30:00,earn,,1007
905054,255,2026-05-20 18:36:00,earn,,1010
901226,63,2026-05-21 07:00:00,redeem,5,1008
902041,100,2026-05-21 07:37:00,earn,,1005
902060,101,2026-05-21 08:36:00,earn,,1009
904018,200,2026-05-21 08:52:00,earn,,1008
903267,158,2026-05-21 10:00:00,tier_change,,1001
902204,107,2026-05-21 10:52:00,earn,,1004
902426,119,2026-05-21 12:06:00,earn,,1005
900040,3,2026-05-21 12:32:00,earn,,1002
900647,33,2026-05-21 12:37:00,redeem,6,1009
900080,5,2026-05-21 12:57:00,earn,,1001
900613,32,2026-05-21 13:06:00,earn,,1010
901515,78,2026-05-21 13:18:00,earn,,1007
902855,140,2026-05-21 15:28:00,earn,,1011
905038,254,2026-05-21 15:36:00,redeem,2,1010
903987,199,2026-05-21 16:18:00,earn,,1007
905158,258,2026-05-21 16:31:00,redeem,6,1007
902138,105,2026-05-21 16:33:00,earn,,1009
901656,81,2026-05-21 16:34:00,signup,,1011
900107,7,2026-05-21 18:07:00,earn,,1001
901863,90,2026-05-21 18:45:00,earn,,1007
900695,38,2026-05-22 07:34:00,earn,,1007
900090,5,2026-05-22 09:54:00,earn,,1001
904251,212,2026-05-22 10:23:00,earn,,1007
902675,129,2026-05-22 11:14:00,earn,,1001
901762,86,2026-05-22 12:47:00,earn,,1002
905006,253,2026-05-22 12:55:00,earn,,1001
901191,62,2026-05-22 13:38:00,redeem,2,1007
900101,7,2026-05-22 15:17:00,earn,,1001
903696,184,2026-05-22 15:22:00,redeem,5,1007
903133,151,2026-05-22 16:00:00,tier_change,,1002
901177,62,2026-05-22 16:16:00,earn,,1007
904765,243,2026-05-22 16:47:00,earn,,1006
901089,57,2026-05-22 17:00:00,earn,,1004
902148,105,2026-05-22 17:19:00,earn,,1009
903607,181,2026-05-22 17:30:00,earn,,1012
901480,76,2026-05-22 17:46:00,earn,,1012
903149,153,2026-05-22 17:56:00,signup,,1002
904319,216,2026-05-23 07:03:00,earn,,1003
902313,113,2026-05-23 07:55:00,redeem,6,1005
904399,221,2026-05-23 09:14:00,earn,,1006
902821,138,2026-05-23 10:26:00,earn,,1001
902923,141,2026-05-23 11:28:00,redeem,3,1003
902864,140,2026-05-23 11:51:00,earn,,1011
902304,113,2026-05-23 12:27:00,earn,,1005
904754,242,2026-05-23 13:11:00,earn,,1010
900914,48,2026-05-23 13:19:00,earn,,1004
902732,132,2026-05-23 13:30:00,earn,,1003
903031,147,2026-05-23 14:14:00,earn,,1001
903036,147,2026-05-23 14:18:00,earn,,1001
903742,187,2026-05-23 14:25:00,earn,,1008
905169,260,2026-05-23 16:02:00,earn,,1004
900227,12,2026-05-23 16:17:00,redeem,6,1006
902650,128,2026-05-23 16:21:00,earn,,1008
900495,27,2026-05-23 17:00:00,tier_change,,1011
902596,125,2026-05-23 17:53:00,earn,,1008
903052,147,2026-05-23 18:00:00,tier_change,,1001
902628,127,2026-05-23 18:06:00,earn,,1007
902011,97,2026-05-23 18:46:00,earn,,1002
903090,149,2026-05-24 07:02:00,earn,,1001
903550,178,2026-05-24 07:39:00,earn,,1002
902683,130,2026-05-24 09:06:00,earn,,1006
903089,149,2026-05-24 09:37:00,earn,,1001
904089,203,2026-05-24 10:26:00,earn,,1002
905175,260,2026-05-24 10:57:00,earn,,1004
903587,180,2026-05-24 11:25:00,earn,,1008
902091,102,2026-05-24 11:28:00,redeem,1,1008
900886,46,2026-05-24 11:48:00,redeem,6,1005
902149,105,2026-05-24 11:55:00,earn,,1009
903161,153,2026-05-24 13:04:00,earn,,1002
903588,180,2026-05-24 13:53:00,earn,,1008
903988,199,2026-05-24 13:57:00,earn,,1007
901241,64,2026-05-24 14:22:00,earn,,1003
904679,237,2026-05-24 14:36:00,earn,,1011
900369,21,2026-05-24 15:00:00,earn,,1001
904339,217,2026-05-24 15:24:00,earn,,1007
901895,91,2026-05-24 17:04:00,earn,,1009
900825,45,2026-05-24 17:21:00,earn,,1006
904430,222,2026-05-24 17:26:00,earn,,1003
901029,54,2026-05-24 17:26:00,earn,,1012
902941,143,2026-05-24 17:51:00,earn,,1001
904704,238,2026-05-24 18:00:00,tier_change,,1006
905033,254,2026-05-24 18:11:00,earn,,1010
904634,234,2026-05-25 07:20:00,earn,,1006
900751,41,2026-05-25 07:49:00,earn,,1005
902722,132,2026-05-25 08:20:00,earn,,1003
900955,51,2026-05-25 08:44:00,earn,,1005
903150,153,2026-05-25 09:14:00,earn,,1002
902660,128,2026-05-25 09:54:00,redeem,5,1008
903590,180,2026-05-25 11:29:00,earn,,1008
902243,109,2026-05-25 11:47:00,earn,,1002
901631,80,2026-05-25 11:55:00,earn,,1010
903850,193,2026-05-25 12:04:00,earn,,1009
900753,41,2026-05-25 13:58:00,earn,,1005
900500,28,2026-05-25 14:38:00,earn,,1001
900288,16,2026-05-25 14:52:00,earn,,1002
904917,249,2026-05-25 15:35:00,redeem,5,1004
901290,66,2026-05-25 16:49:00,earn,,1002
903204,157,2026-05-25 17:19:00,earn,,1001
905159,258,2026-05-25 17:36:00,redeem,4,1007
900183,11,2026-05-25 17:38:00,earn,,1004
903422,169,2026-05-25 17:43:00,earn,,1001
902326,114,2026-05-26 07:00:00,tier_change,,1009
901196,63,2026-05-26 07:00:00,earn,,1008
904299,215,2026-05-26 07:02:00,earn,,1005
902810,136,2026-05-26 08:13:00,redeem,2,1011
900047,4,2026-05-26 10:09:00,earn,,1001
902086,102,2026-05-26 11:13:00,earn,,1008
904709,239,2026-05-26 12:07:00,earn,,1007
905025,254,2026-05-26 12:25:00,earn,,1010
904540,231,2026-05-26 14:48:00,earn,,1005
901757,86,2026-05-26 14:49:00,earn,,1002
903980,199,2026-05-26 15:22:00,earn,,1007
900950,51,2026-05-26 16:06:00,earn,,1005
902311,113,2026-05-26 16:46:00,earn,,1005
901993,96,2026-05-26 17:17:00,redeem,1,1002
904436,223,2026-05-26 18:01:00,earn,,1007
900641,33,2026-05-27 08:41:00,earn,,1009
900718,38,2026-05-27 09:32:00,earn,,1007
901377,70,2026-05-27 10:20:00,earn,,1007
901837,89,2026-05-27 10:57:00,earn,,1006
901072,56,2026-05-27 11:04:00,earn,,1006
903406,167,2026-05-27 11:54:00,earn,,1008
902469,120,2026-05-27 12:25:00,earn,,1012
901124,59,2026-05-27 12:37:00,earn,,1010
900387,21,2026-05-27 13:17:00,redeem,6,1001
902598,125,2026-05-27 14:17:00,earn,,1008
904119,204,2026-05-27 14:27:00,earn,,1006
904779,244,2026-05-27 14:44:00,earn,,1002
904780,244,2026-05-27 14:46:00,earn,,1002
904212,210,2026-05-27 16:12:00,signup,,1004
901964,93,2026-05-27 16:32:00,earn,,1006
902191,107,2026-05-27 16:59:00,earn,,1004
904730,241,2026-05-27 17:02:00,earn,,1004
900580,31,2026-05-27 17:28:00,earn,,1012
903619,181,2026-05-27 18:16:00,earn,,1012
901085,57,2026-05-27 18:58:00,earn,,1004
901245,64,2026-05-28 07:55:00,earn,,1003
900511,28,2026-05-28 08:34:00,earn,,1001
900847,45,2026-05-28 08:47:00,redeem,2,1006
904745,241,2026-05-28 09:42:00,redeem,6,1004
902167,106,2026-05-28 09:58:00,earn,,1003
900193,11,2026-05-28 10:51:00,earn,,1004
903087,149,2026-05-28 11:00:00,earn,,1001
900660,34,2026-05-28 11:09:00,earn,,1008
900924,49,2026-05-28 12:26:00,earn,,1004
901934,92,2026-05-28 12:34:00,earn,,1010
902390,118,2026-05-28 12:47:00,earn,,1006
901719,84,2026-05-28 14:26:00,earn,,1001
900443,24,2026-05-28 14:57:00,earn,,1001
900623,32,2026-05-28 15:56:00,redeem,4,1010
901876,91,2026-05-28 16:54:00,earn,,1009
904153,206,2026-05-28 18:04:00,earn,,1006
900251,14,2026-05-28 18:10:00,earn,,1010
904547,231,2026-05-29 09:03:00,earn,,1005
900200,11,2026-05-29 09:04:00,redeem,2,1004
904141,205,2026-05-29 09:36:00,earn,,1005
900130,9,2026-05-29 09:57:00,earn,,1008
902110,103,2026-05-29 10:37:00,earn,,1004
902494,121,2026-05-29 10:46:00,earn,,1008
901156,61,2026-05-29 10:57:00,earn,,1010
901973,93,2026-05-29 11:20:00,redeem,2,1006
903132,151,2026-05-29 11:57:00,redeem,4,1002
900499,28,2026-05-29 14:06:00,earn,,1001
903228,157,2026-05-29 14:13:00,redeem,5,1001
900455,25,2026-05-29 17:55:00,signup,,1010
904924,250,2026-05-29 17:56:00,signup,,1002
904752,242,2026-05-29 18:24:00,earn,,1010
902889,141,2026-05-29 18:50:00,earn,,1003
902257,109,2026-05-30 07:02:00,earn,,1002
901404,71,2026-05-30 08:09:00,earn,,1001
903668,183,2026-05-30 08:36:00,earn,,1001
902242,109,2026-05-30 08:40:00,earn,,1002
901577,79,2026-05-30 09:07:00,earn,,1009
902463,120,2026-05-30 09:08:00,earn,,1012
902548,123,2026-05-30 09:19:00,earn,,1002
901428,72,2026-05-30 09:28:00,earn,,1009
902826,138,2026-05-30 09:28:00,earn,,1001
900032,3,2026-05-30 09:57:00,earn,,1002
903509,174,2026-05-30 10:00:00,signup,,1007
904229,211,2026-05-30 10:41:00,earn,,1005
902680,130,2026-05-30 11:29:00,earn,,1006
902665,128,2026-05-30 13:32:00,redeem,6,1008
902146,105,2026-05-30 13:58:00,earn,,1009
904444,223,2026-05-30 13:59:00,earn,,1007
903662,183,2026-05-30 16:11:00,signup,,1001
904250,212,2026-05-30 16:45:00,earn,,1007
903601,180,2026-05-30 16:55:00,redeem,6,1008
902221,108,2026-05-31 07:19:00,earn,,1004
901805,87,2026-05-31 07:38:00,redeem,2,1007
903858,193,2026-05-31 07:51:00,earn,,1009
900057,4,2026-05-31 08:17:00,earn,,1001
904708,239,2026-05-31 09:27:00,earn,,1007
900503,28,2026-05-31 13:15:00,earn,,1001
901988,96,2026-05-31 13:42:00,earn,,1002
902582,124,2026-05-31 14:12:00,earn,,1010
903332,163,2026-05-31 14:33:00,earn,,1001
900211,12,2026-05-31 15:00:00,earn,,1006
900452,24,2026-05-31 15:54:00,earn,,1001
903949,198,2026-05-31 16:40:00,earn,,1004
901254,64,2026-05-31 17:48:00,redeem,3,1003
903115,151,2026-05-31 17:52:00,earn,,1002
900620,32,2026-05-31 18:57:00,earn,,1010
904559,231,2026-06-01 07:15:00,redeem,6,1005
900097,7,2026-06-01 07:26:00,earn,,1001
901812,88,2026-06-01 09:22:00,earn,,1007
901573,79,2026-06-01 10:26:00,earn,,1009
901247,64,2026-06-01 11:12:00,earn,,1003
902335,115,2026-06-01 12:00:00,tier_change,,1007
902514,122,2026-06-01 12:05:00,earn,,1012
903146,152,2026-06-01 12:06:00,redeem,4,1009
900132,9,2026-06-01 12:11:00,earn,,1008
904343,218,2026-06-01 13:16:00,signup,,1004
902347,117,2026-06-01 14:00:00,earn,,1009
901070,56,2026-06-01 14:25:00,earn,,1006
903781,189,2026-06-01 14:34:00,earn,,1001
902515,122,2026-06-01 14:42:00,earn,,1012
901406,71,2026-06-01 16:01:00,earn,,1001
901849,89,2026-06-01 17:40:00,redeem,1,1006
904152,206,2026-06-01 18:01:00,earn,,1006
903854,193,2026-06-02 07:36:00,earn,,1009
903900,194,2026-06-02 07:57:00,earn,,1008
902210,108,2026-06-02 08:40:00,earn,,1004
900501,28,2026-06-02 08:42:00,earn,,1001
903930,197,2026-06-02 08:44:00,earn,,1011
904527,228,2026-06-02 09:33:00,redeem,3,1004
904144,205,2026-06-02 10:46:00,redeem,2,1005
904216,210,2026-06-02 11:29:00,earn,,1004
902624,127,2026-06-02 12:19:00,earn,,1007
901082,57,2026-06-02 13:45:00,earn,,1004
904706,239,2026-06-02 14:03:00,earn,,1007
904820,247,2026-06-02 14:04:00,earn,,1001
904210,209,2026-06-02 14:37:00,redeem,3,1003
903903,194,2026-06-02 14:37:00,redeem,2,1008
903162,153,2026-06-02 15:25:00,earn,,1002
901777,87,2026-06-02 15:27:00,earn,,1007
902499,121,2026-06-02 16:40:00,earn,,1008
901579,79,2026-06-02 18:08:00,earn,,1009
903372,165,2026-06-03 07:12:00,redeem,5,1011
903716,186,2026-06-03 09:21:00,earn,,1011
905036,254,2026-06-03 09:25:00,redeem,1,1010
903591,180,2026-06-03 09:51:00,earn,,1008
900440,24,2026-06-03 10:02:00,earn,,1001
905023,254,2026-06-03 10:14:00,earn,,1010
902231,109,2026-06-03 11:03:00,earn,,1002
904222,210,2026-06-03 11:04:00,earn,,1004
900214,12,2026-06-03 11:24:00,earn,,1006
900673,35,2026-06-03 11:39:00,earn,,1009
900547,30,2026-06-03 12:06:00,earn,,1011
902270,111,2026-06-03 12:57:00,signup,,1011
902339,116,2026-06-03 13:13:00,earn,,1011
901172,62,2026-06-03 13:14:00,earn,,1007
904258,212,2026-06-03 14:08:00,earn,,1007
902342,116,2026-06-03 15:18:00,earn,,1011
903963,198,2026-06-03 15:33:00,earn,,1004
905019,254,2026-06-03 15:35:00,earn,,1010
900086,5,2026-06-03 15:42:00,earn,,1001
900256,15,2026-06-03 16:45:00,signup,,1001
905030,254,2026-06-03 16:49:00,earn,,1010
901097,57,2026-06-03 18:06:00,earn,,1004
900697,38,2026-06-03 18:08:00,earn,,1007
903657,182,2026-06-03 18:19:00,earn,,1007
904716,239,2026-06-03 18:19:00,earn,,1007
904078,202,2026-06-03 18:51:00,earn,,1011
900000,1,2026-06-04 07:12:00,signup,,1003
900781,42,2026-06-04 07:18:00,redeem,1,1008
901609,80,2026-06-04 08:02:00,earn,,1010
903410,167,2026-06-04 08:09:00,earn,,1008
904164,207,2026-06-04 09:39:00,earn,,1002
904039,201,2026-06-04 09:54:00,earn,,1008
900110,7,2026-06-04 10:02:00,redeem,2,1001
901393,70,2026-06-04 11:58:00,earn,,1007
903461,170,2026-06-04 13:26:00,earn,,1002
904749,242,2026-06-04 13:38:00,earn,,1010
900173,10,2026-06-04 14:03:00,redeem,6,1005
903999,199,2026-06-04 14:26:00,earn,,1007
903455,170,2026-06-04 15:20:00,earn,,1002
903568,178,2026-06-04 16:39:00,redeem,5,1002
903099,150,2026-06-04 16:45:00,earn,,1003
904126,204,2026-06-04 17:29:00,earn,,1006
904781,244,2026-06-04 18:56:00,earn,,1002
901165,62,2026-06-05 08:32:00,earn,,1007
904597,233,2026-06-05 09:02:00,earn,,1004
900529,29,2026-06-05 09:03:00,earn,,1010
901198,63,2026-06-05 10:12:00,earn,,1008
900622,32,2026-06-05 11:15:00,redeem,3,1010
904154,206,2026-06-05 11:54:00,earn,,1006
901248,64,2026-06-05 12:28:00,earn,,1003
904170,207,2026-06-05 12:28:00,earn,,1002
901101,58,2026-06-05 12:34:00,signup,,1007
902128,103,2026-06-05 13:16:00,redeem,4,1004
900788,43,2026-06-05 14:00:00,earn,,1003
902585,124,2026-06-05 14:19:00,earn,,1010
901419,71,2026-06-05 14:23:00,redeem,4,1001
904502,226,2026-06-05 16:27:00,earn,,1008
903100,150,2026-06-05 17:41:00,earn,,1003
904825,247,2026-06-05 18:39:00,earn,,1001
903686,184,2026-06-05 18:58:00,earn,,1007
903606,181,2026-06-06 07:17:00,earn,,1012
901087,57,2026-06-06 07:38:00,earn,,1004
902282,111,2026-06-06 07:43:00,earn,,1011
903937,197,2026-06-06 07:48:00,earn,,1011
904090,203,2026-06-06 08:51:00,earn,,1002
902305,113,2026-06-06 09:28:00,earn,,1005
903934,197,2026-06-06 09:46:00,earn,,1011
900457,25,2026-06-06 10:21:00,earn,,1010
904701,238,2026-06-06 10:41:00,redeem,1,1006
901767,86,2026-06-06 10:45:00,earn,,1002
900790,43,2026-06-06 10:52:00,earn,,1003
904980,252,2026-06-06 11:00:00,tier_change,,1009
900584,31,2026-06-06 12:06:00,earn,,1012
903299,160,2026-06-06 12:23:00,earn,,1010
901809,87,2026-06-06 13:00:00,tier_change,,1007
904348,218,2026-06-06 13:09:00,earn,,1004
903055,148,2026-06-06 13:31:00,earn,,1011
901614,80,2026-06-06 14:55:00,earn,,1010
903152,153,2026-06-06 15:26:00,earn,,1002
901186,62,2026-06-06 15:48:00,earn,,1007
904352,218,2026-06-06 16:16:00,earn,,1004
902040,100,2026-06-06 16:23:00,earn,,1005
904524,228,2026-06-06 18:01:00,earn,,1004
904123,204,2026-06-06 18:56:00,earn,,1006
903499,171,2026-06-07 07:17:00,earn,,1002
900665,35,2026-06-07 07:24:00,earn,,1009
902261,109,2026-06-07 07:33:00,earn,,1002
900448,24,2026-06-07 08:37:00,earn,,1001
900532,29,2026-06-07 08:57:00,earn,,1010
904342,217,2026-06-07 09:14:00,earn,,1007
904834,247,2026-06-07 09:32:00,redeem,4,1001
900777,42,2026-06-07 10:32:00,earn,,1008
903165,154,2026-06-07 11:01:00,signup,,1011
901269,65,2026-06-07 11:41:00,earn,,1009
902734,132,2026-06-07 12:01:00,earn,,1003
900003,1,2026-06-07 12:52:00,earn,,1003
900071,4,2026-06-07 14:00:00,tier_change,,1001
900378,21,2026-06-07 14:42:00,earn,,1001
902976,144,2026-06-07 14:51:00,earn,,1012
901074,56,2026-06-07 15:34:00,earn,,1006
904552,231,2026-06-07 16:02:00,earn,,1005
901222,63,2026-06-07 16:50:00,earn,,1008
902860,140,2026-06-07 17:14:00,earn,,1011
904095,203,2026-06-07 17:21:00,earn,,1002
900702,38,2026-06-07 17:44:00,earn,,1007
902275,111,2026-06-07 17:50:00,earn,,1011
901402,71,2026-06-07 18:45:00,earn,,1001
900806,44,2026-06-07 18:47:00,earn,,1002
903985,199,2026-06-08 07:55:00,earn,,1007
903570,179,2026-06-08 10:05:00,signup,,1003
904755,242,2026-06-08 10:30:00,redeem,5,1010
905063,255,2026-06-08 11:29:00,earn,,1010
904952,252,2026-06-08 11:36:00,earn,,1009
901133,60,2026-06-08 12:17:00,earn,,1008
903159,153,2026-06-08 13:15:00,earn,,1002
902346,117,2026-06-08 13:20:00,earn,,1009
902670,129,2026-06-08 13:23:00,earn,,1001
903717,186,2026-06-08 13:23:00,earn,,1011
904114,204,2026-06-08 13:27:00,earn,,1006
902816,138,2026-06-08 13:35:00,earn,,1001
905031,254,2026-06-08 13:43:00,earn,,1010
903694,184,2026-06-08 14:11:00,redeem,5,1007
900415,22,2026-06-08 15:06:00,redeem,2,1005
900716,38,2026-06-08 16:20:00,earn,,1007
901894,91,2026-06-08 16:27:00,earn,,1009
902349,117,2026-06-08 16:43:00,earn,,1009
903814,190,2026-06-08 18:15:00,earn,,1002
901836,89,2026-06-08 18:16:00,earn,,1006
900553,30,2026-06-08 18:23:00,earn,,1011
904604,233,2026-06-09 07:11:00,earn,,1004
904893,249,2026-06-09 07:19:00,earn,,1004
904753,242,2026-06-09 07:32:00,earn,,1010
900999,53,2026-06-09 08:23:00,earn,,1003
903135,152,2026-06-09 08:32:00,earn,,1009
901991,96,2026-06-09 08:46:00,redeem,3,1002
902230,109,2026-06-09 08:56:00,earn,,1002
901907,92,2026-06-09 08:58:00,earn,,1010
901958,93,2026-06-09 09:28:00,earn,,1006
903500,171,2026-06-09 09:34:00,earn,,1002
904157,207,2026-06-09 10:14:00,earn,,1002
904063,201,2026-06-09 11:12:00,earn,,1008
904696,238,2026-06-09 11:18:00,earn,,1006
900513,28,2026-06-09 11:34:00,earn,,1001
901315,68,2026-06-09 11:48:00,earn,,1010
902914,141,2026-06-09 11:58:00,redeem,5,1003
900442,24,2026-06-09 12:16:00,earn,,1001
903819,190,2026-06-09 12:25:00,earn,,1002
901758,86,2026-06-09 13:36:00,earn,,1002
901772,87,2026-06-09 13:44:00,earn,,1007
900549,30,2026-06-09 14:03:00,earn,,1011
900789,43,2026-06-09 14:16:00,earn,,1003
902723,132,2026-06-09 14:18:00,earn,,1003
902755,134,2026-06-09 14:42:00,earn,,1005
900592,31,2026-06-09 15:53:00,earn,,1012
903574,179,2026-06-09 17:03:00,earn,,1003
902983,144,2026-06-09 17:58:00,earn,,1012
903340,163,2026-06-10 07:07:00,earn,,1001
900311,19,2026-06-10 07:39:00,signup,,1007
901272,65,2026-06-10 08:07:00,earn,,1009
902919,141,2026-06-10 08:10:00,redeem,5,1003
902028,99,2026-06-10 08:49:00,signup,,1008
902154,105,2026-06-10 09:10:00,earn,,1009
900679,35,2026-06-10 09:13:00,redeem,5,1009
901055,55,2026-06-10 10:16:00,earn,,1011
900338,20,2026-06-10 11:42:00,earn,,1005
900377,21,2026-06-10 11:48:00,earn,,1001
902489,121,2026-06-10 12:33:00,earn,,1008
903141,152,2026-06-10 12:35:00,earn,,1009
904427,222,2026-06-10 13:08:00,earn,,1003
902045,100,2026-06-10 13:28:00,redeem,4,1005
900025,3,2026-06-10 13:30:00,earn,,1002
903907,195,2026-06-10 14:46:00,signup,,1007
902338,116,2026-06-10 15:26:00,earn,,1011
905068,255,2026-06-10 16:09:00,earn,,1010
900316,19,2026-06-10 17:07:00,earn,,1007
903054,148,2026-06-10 17:39:00,earn,,1011
902291,112,2026-06-10 18:00:00,earn,,1005
901898,91,2026-06-10 18:45:00,earn,,1009
902165,106,2026-06-11 08:51:00,earn,,1003
902936,142,2026-06-11 10:35:00,earn,,1010
902397,118,2026-06-11 11:00:00,earn,,1006
900933,50,2026-06-11 11:46:00,signup,,1004
900324,20,2026-06-11 12:34:00,earn,,1005
900291,16,2026-06-11 13:28:00,earn,,1002
904206,209,2026-06-11 13:47:00,earn,,1003
902173,106,2026-06-11 14:01:00,earn,,1003
905046,255,2026-06-11 14:16:00,earn,,1010
905048,255,2026-06-11 14:42:00,earn,,1010
903414,167,2026-06-11 14:52:00,redeem,1,1008
904987,253,2026-06-11 14:58:00,earn,,1001
903580,179,2026-06-11 15:16:00,earn,,1003
900064,4,2026-06-11 15:21:00,earn,,1001
905050,255,2026-06-11 16:56:00,earn,,1010
903938,197,2026-06-11 17:32:00,redeem,3,1011
904839,247,2026-06-11 17:49:00,redeem,6,1001
905151,258,2026-06-11 18:04:00,earn,,1007
902278,111,2026-06-11 18:26:00,earn,,1011
900707,38,2026-06-11 18:58:00,earn,,1007
900185,11,2026-06-12 07:46:00,earn,,1004
900006,1,2026-06-12 08:28:00,earn,,1003
903592,180,2026-06-12 09:07:00,earn,,1008
900138,9,2026-06-12 10:48:00,earn,,1008
901456,74,2026-06-12 10:59:00,signup,,1011
904205,209,2026-06-12 11:07:00,earn,,1003
904301,215,2026-06-12 11:16:00,earn,,1005
902741,133,2026-06-12 13:04:00,signup,,1006
904914,249,2026-06-12 13:40:00,redeem,4,1004
905080,255,2026-06-12 14:00:00,tier_change,,1010
903981,199,2026-06-12 15:10:00,earn,,1007
901164,62,2026-06-12 15:33:00,earn,,1007
904564,232,2026-06-12 15:38:00,signup,,1007
903813,190,2026-06-12 15:43:00,earn,,1002
902920,141,2026-06-12 16:05:00,redeem,5,1003
901494,76,2026-06-12 17:03:00,redeem,2,1012
902010,97,2026-06-12 17:36:00,earn,,1002
901693,83,2026-06-12 17:37:00,earn,,1007
903889,194,2026-06-12 17:38:00,earn,,1008
905002,253,2026-06-12 17:45:00,earn,,1001
904127,204,2026-06-12 18:18:00,earn,,1006
902805,136,2026-06-12 18:37:00,earn,,1011
902636,127,2026-06-13 07:05:00,redeem,1,1007
901983,96,2026-06-13 07:36:00,earn,,1002
902627,127,2026-06-13 07:37:00,earn,,1007
902811,136,2026-06-13 09:49:00,redeem,1,1011
900537,29,2026-06-13 09:51:00,earn,,1010
900313,19,2026-06-13 12:31:00,earn,,1007
900730,38,2026-06-13 12:47:00,redeem,1,1007
902274,111,2026-06-13 12:49:00,earn,,1011
901279,65,2026-06-13 13:59:00,earn,,1009
900014,2,2026-06-13 14:02:00,signup,,1002
904509,226,2026-06-13 14:07:00,earn,,1008
903364,165,2026-06-13 14:28:00,earn,,1011
901041,54,2026-06-13 14:56:00,earn,,1012
900889,47,2026-06-13 16:36:00,signup,,1003
903830,191,2026-06-13 17:41:00,earn,,1012
904336,217,2026-06-14 07:25:00,earn,,1007
902576,124,2026-06-14 07:36:00,earn,,1010
902930,142,2026-06-14 07:59:00,earn,,1010
900728,38,2026-06-14 08:01:00,redeem,2,1007
900773,42,2026-06-14 09:28:00,earn,,1008
903050,147,2026-06-14 10:11:00,redeem,4,1001
900397,22,2026-06-14 10:27:00,earn,,1005
903515,174,2026-06-14 10:43:00,earn,,1007
901137,60,2026-06-14 11:49:00,earn,,1008
905107,257,2026-06-14 14:50:00,earn,,1002
901433,72,2026-06-14 15:48:00,redeem,1,1009
902897,141,2026-06-14 16:07:00,earn,,1003
902379,117,2026-06-14 16:08:00,redeem,4,1009
903670,183,2026-06-14 16:16:00,earn,,1001
902653,128,2026-06-14 16:54:00,earn,,1008
904916,249,2026-06-14 17:50:00,redeem,3,1004
901345,69,2026-06-14 17:59:00,earn,,1002
904311,215,2026-06-14 18:38:00,earn,,1005
902639,128,2026-06-14 18:40:00,earn,,1008
900136,9,2026-06-14 18:43:00,earn,,1008
902991,144,2026-06-15 07:13:00,earn,,1012
900837,45,2026-06-15 07:35:00,earn,,1006
903303,160,2026-06-15 08:40:00,earn,,1010
900016,2,2026-06-15 09:00:00,earn,,1002
902786,135,2026-06-15 09:03:00,earn,,1004
901698,83,2026-06-15 09:30:00,earn,,1007
903839,191,2026-06-15 09:41:00,earn,,1012
903709,186,2026-06-15 09:43:00,earn,,1011
902089,102,2026-06-15 12:13:00,redeem,5,1008
902277,111,2026-06-15 12:29:00,earn,,1011
904504,226,2026-06-15 12:33:00,earn,,1008
901491,76,2026-06-15 12:38:00,earn,,1012
902072,102,2026-06-15 13:40:00,earn,,1008
900267,15,2026-06-15 14:14:00,earn,,1001
901444,73,2026-06-15 16:13:00,earn,,1001
901125,59,2026-06-15 16:30:00,earn,,1010
902139,105,2026-06-15 16:36:00,earn,,1009
901823,88,2026-06-15 17:57:00,earn,,1007
904224,210,2026-06-15 18:20:00,redeem,4,1004
902542,123,2026-06-16 07:06:00,earn,,1002
902801,136,2026-06-16 07:20:00,earn,,1011
900077,5,2026-06-16 08:15:00,earn,,1001
904544,231,2026-06-16 08:34:00,earn,,1005
902061,101,2026-06-16 09:03:00,earn,,1009
904882,249,2026-06-16 10:40:00,earn,,1004
903095,150,2026-06-16 10:41:00,earn,,1003
903101,150,2026-06-16 11:40:00,earn,,1003
904928,250,2026-06-16 11:43:00,earn,,1002
902581,124,2026-06-16 12:27:00,earn,,1010
904355,218,2026-06-16 12:46:00,redeem,2,1004
903586,180,2026-06-16 13:01:00,earn,,1008
903762,187,2026-06-16 13:42:00,redeem,4,1008
900268,15,2026-06-16 14:01:00,earn,,1001
904565,232,2026-06-16 14:42:00,earn,,1007
900905,48,2026-06-16 15:46:00,earn,,1004
903279,159,2026-06-16 15:55:00,earn,,1007
903998,199,2026-06-16 16:12:00,earn,,1007
901066,56,2026-06-16 16:49:00,earn,,1006
903577,179,2026-06-16 17:22:00,earn,,1003
900672,35,2026-06-16 18:26:00,earn,,1009
903724,186,2026-06-16 18:39:00,earn,,1011
901358,69,2026-06-16 18:46:00,earn,,1002
903488,171,2026-06-17 07:00:00,earn,,1002
900524,29,2026-06-17 07:18:00,earn,,1010
902448,119,2026-06-17 07:54:00,redeem,5,1005
900690,37,2026-06-17 08:00:00,earn,,1007
904657,236,2026-06-17 08:06:00,signup,,1011
903917,195,2026-06-17 08:10:00,earn,,1007
902016,97,2026-06-17 08:33:00,earn,,1002
904448,223,2026-06-17 08:42:00,redeem,3,1007
904569,232,2026-06-17 09:01:00,earn,,1007
901467,75,2026-06-17 09:35:00,earn,,1002
905174,260,2026-06-17 10:14:00,earn,,1004
904600,233,2026-06-17 12:41:00,earn,,1004
904333,216,2026-06-17 14:00:00,tier_change,,1003
900545,30,2026-06-17 14:08:00,earn,,1011
902034,99,2026-06-17 14:55:00,earn,,1008
900975,52,2026-06-17 15:00:00,tier_change,,1008
904762,243,2026-06-17 15:37:00,earn,,1006
900872,46,2026-06-17 16:01:00,earn,,1005
901861,90,2026-06-17 17:33:00,earn,,1007
902659,128,2026-06-17 17:36:00,redeem,5,1008
900061,4,2026-06-17 17:40:00,earn,,1001
904350,218,2026-06-17 18:21:00,earn,,1004
903732,186,2026-06-18 07:26:00,redeem,2,1011
902619,127,2026-06-18 08:49:00,earn,,1007
905097,257,2026-06-18 09:40:00,earn,,1002
904911,249,2026-06-18 09:58:00,redeem,3,1004
901996,96,2026-06-18 11:00:00,tier_change,,1002
904771,243,2026-06-18 11:27:00,redeem,3,1006
903911,195,2026-06-18 12:27:00,earn,,1007
903669,183,2026-06-18 13:02:00,earn,,1001
902284,111,2026-06-18 13:22:00,earn,,1011
903759,187,2026-06-18 13:29:00,earn,,1008
901896,91,2026-06-18 14:16:00,earn,,1009
903069,149,2026-06-18 14:44:00,earn,,1001
901728,85,2026-06-18 14:56:00,earn,,1007
903494,171,2026-06-18 15:18:00,earn,,1002
900187,11,2026-06-18 15:40:00,earn,,1004
902032,99,2026-06-18 16:04:00,earn,,1008
901518,78,2026-06-18 17:23:00,earn,,1007
900786,43,2026-06-18 17:25:00,earn,,1003
903838,191,2026-06-18 17:34:00,earn,,1012
901145,60,2026-06-18 17:48:00,redeem,1,1008
901159,61,2026-06-18 18:55:00,earn,,1010
900771,42,2026-06-19 07:02:00,earn,,1008
904108,203,2026-06-19 07:28:00,earn,,1002
902647,128,2026-06-19 07:30:00,earn,,1008
900928,49,2026-06-19 09:10:00,earn,,1004
901756,86,2026-06-19 09:22:00,earn,,1002
904192,208,2026-06-19 09:49:00,signup,,1002
902434,119,2026-06-19 10:50:00,earn,,1005
901092,57,2026-06-19 11:38:00,earn,,1004
900246,14,2026-06-19 11:48:00,earn,,1010
900554,30,2026-06-19 11:58:00,earn,,1011
903575,179,2026-06-19 12:51:00,earn,,1003
902100,103,2026-06-19 12:56:00,earn,,1004
904531,230,2026-06-19 13:30:00,signup,,1007
904213,210,2026-06-19 13:32:00,earn,,1004
903291,160,2026-06-19 13:58:00,earn,,1010
904117,204,2026-06-19 14:02:00,earn,,1006
903476,170,2026-06-19 14:11:00,earn,,1002
904576,233,2026-06-19 16:41:00,earn,,1004
905032,254,2026-06-19 16:56:00,earn,,1010
900451,24,2026-06-19 17:36:00,earn,,1001
904682,237,2026-06-19 17:54:00,earn,,1011
902725,132,2026-06-20 08:14:00,earn,,1003
904328,216,2026-06-20 09:51:00,earn,,1003
902744,133,2026-06-20 10:21:00,earn,,1006
902001,97,2026-06-20 10:55:00,earn,,1002
904248,212,2026-06-20 11:31:00,earn,,1007
901440,73,2026-06-20 12:08:00,earn,,1001
904506,226,2026-06-20 12:08:00,earn,,1008
902453,119,2026-06-20 12:39:00,redeem,2,1005
903815,190,2026-06-20 13:03:00,earn,,1002
900100,7,2026-06-20 13:07:00,earn,,1001
905049,255,2026-06-20 13:31:00,earn,,1010
900743,40,2026-06-20 14:46:00,signup,,1006
904521,228,2026-06-20 16:31:00,earn,,1004
903088,149,2026-06-20 16:41:00,earn,,1001
900935,50,2026-06-20 16:55:00,earn,,1004
900901,47,2026-06-20 17:43:00,redeem,3,1003
900131,9,2026-06-20 17:53:00,earn,,1008
902666,128,2026-06-20 18:23:00,redeem,4,1008
904265,212,2026-06-21 07:37:00,earn,,1007
903317,162,2026-06-21 07:37:00,signup,,1010
902517,122,2026-06-21 07:55:00,earn,,1012
902999,144,2026-06-21 08:24:00,earn,,1012
901595,80,2026-06-21 08:50:00,earn,,1010
902528,122,2026-06-21 09:01:00,earn,,1012
903068,149,2026-06-21 09:10:00,earn,,1001
901320,68,2026-06-21 09:25:00,earn,,1010
901141,60,2026-06-21 10:30:00,earn,,1008
900011,1,2026-06-21 11:06:00,earn,,1003
903388,166,2026-06-21 12:00:00,earn,,1009
904671,237,2026-06-21 12:05:00,earn,,1011
900908,48,2026-06-21 14:27:00,earn,,1004
901982,96,2026-06-21 14:41:00,earn,,1002
903546,178,2026-06-21 15:58:00,earn,,1002
903144,152,2026-06-21 16:09:00,earn,,1009
902945,143,2026-06-21 16:24:00,earn,,1001
900447,24,2026-06-21 17:01:00,earn,,1001
900329,20,2026-06-21 17:27:00,earn,,1005
903327,162,2026-06-21 17:41:00,redeem,6,1010
901225,63,2026-06-21 18:18:00,earn,,1008
902355,117,2026-06-21 18:23:00,earn,,1009
903478,170,2026-06-21 18:44:00,earn,,1002
903331,163,2026-06-22 07:15:00,earn,,1001
905037,254,2026-06-22 08:57:00,redeem,4,1010
902315,113,2026-06-22 09:00:00,tier_change,,1005
902745,133,2026-06-22 09:32:00,earn,,1006
903276,159,2026-06-22 09:35:00,earn,,1007
904703,238,2026-06-22 10:11:00,redeem,5,1006
900375,21,2026-06-22 10:37:00,earn,,1001
901532,78,2026-06-22 10:49:00,earn,,1007
900849,45,2026-06-22 11:48:00,redeem,5,1006
901484,76,2026-06-22 11:52:00,earn,,1012
900125,9,2026-06-22 11:59:00,earn,,1008
902839,139,2026-06-22 12:07:00,earn,,1012
904256,212,2026-06-22 12:28:00,earn,,1007
902742,133,2026-06-22 16:45:00,earn,,1006
904462,224,2026-06-22 17:25:00,earn,,1007
902297,112,2026-06-22 17:48:00,redeem,1,1005
904710,239,2026-06-22 18:10:00,earn,,1007
901727,85,2026-06-22 18:41:00,earn,,1007
901950,93,2026-06-22 18:58:00,earn,,1006
904268,212,2026-06-23 07:04:00,earn,,1007
901007,53,2026-06-23 07:32:00,earn,,1003
904714,239,2026-06-23 07:42:00,earn,,1007
904866,248,2026-06-23 08:04:00,earn,,1003
900017,2,2026-06-23 08:12:00,earn,,1002
903294,160,2026-06-23 09:49:00,earn,,1010
902662,128,2026-06-23 10:26:00,redeem,6,1008
901893,91,2026-06-23 11:39:00,earn,,1009
901251,64,2026-06-23 11:52:00,earn,,1003
901103,58,2026-06-23 12:14:00,earn,,1007
903663,183,2026-06-23 13:04:00,earn,,1001
901496,77,2026-06-23 14:15:00,signup,,1010
903896,194,2026-06-23 15:21:00,earn,,1008
903438,169,2026-06-23 15:37:00,earn,,1001
901209,63,2026-06-23 16:10:00,earn,,1008
903207,157,2026-06-23 16:10:00,earn,,1001
903302,160,2026-06-23 16:33:00,earn,,1010
901257,64,2026-06-23 18:01:00,redeem,3,1003
904197,208,2026-06-23 18:10:00,earn,,1002
904889,249,2026-06-23 18:46:00,earn,,1004
901436,72,2026-06-23 18:46:00,redeem,1,1009
901093,57,2026-06-24 07:36:00,earn,,1004
904938,251,2026-06-24 08:16:00,signup,,1004
901155,61,2026-06-24 08:22:00,earn,,1010
900074,5,2026-06-24 08:25:00,earn,,1001
902868,140,2026-06-24 08:36:00,earn,,1011
900449,24,2026-06-24 09:09:00,earn,,1001
901435,72,2026-06-24 09:13:00,redeem,2,1009
900083,5,2026-06-24 09:56:00,earn,,1001
901813,88,2026-06-24 09:58:00,earn,,1007
903260,158,2026-06-24 10:49:00,redeem,2,1001
902366,117,2026-06-24 11:08:00,earn,,1009
903666,183,2026-06-24 11:43:00,earn,,1001
904982,253,2026-06-24 12:35:00,earn,,1001
902051,101,2026-06-24 14:13:00,earn,,1009
901801,87,2026-06-24 14:57:00,redeem,3,1007
901722,84,2026-06-24 15:31:00,earn,,1001
900894,47,2026-06-24 17:35:00,earn,,1003
904505,226,2026-06-24 17:55:00,earn,,1008
903512,174,2026-06-24 18:20:00,earn,,1007
901108,58,2026-06-25 07:01:00,earn,,1007
901106,58,2026-06-25 07:09:00,earn,,1007
903363,165,2026-06-25 09:00:00,earn,,1011
904546,231,2026-06-25 09:40:00,earn,,1005
903269,159,2026-06-25 09:45:00,earn,,1007
903423,169,2026-06-25 10:38:00,earn,,1001
902806,136,2026-06-25 11:05:00,earn,,1011
902471,120,2026-06-25 11:52:00,earn,,1012
903184,155,2026-06-25 12:35:00,earn,,1008
901626,80,2026-06-25 13:29:00,earn,,1010
901252,64,2026-06-25 13:50:00,earn,,1003
905122,258,2026-06-25 14:09:00,earn,,1007
903932,197,2026-06-25 15:20:00,earn,,1011
900880,46,2026-06-25 15:59:00,earn,,1005
901083,57,2026-06-25 16:19:00,earn,,1004
902225,108,2026-06-25 17:01:00,redeem,3,1004
902584,124,2026-06-25 17:08:00,earn,,1010
903122,151,2026-06-25 17:16:00,earn,,1002
900639,33,2026-06-25 17:40:00,earn,,1009
901890,91,2026-06-25 18:01:00,earn,,1009
901530,78,2026-06-25 18:07:00,earn,,1007
905123,258,2026-06-25 18:15:00,earn,,1007
902730,132,2026-06-25 18:49:00,earn,,1003
903018,147,2026-06-26 07:04:00,earn,,1001
903818,190,2026-06-26 07:20:00,earn,,1002
904148,206,2026-06-26 07:28:00,earn,,1006
901086,57,2026-06-26 07:29:00,earn,,1004
900713,38,2026-06-26 07:40:00,earn,,1007
900624,32,2026-06-26 07:42:00,redeem,5,1010
901804,87,2026-06-26 07:51:00,redeem,1,1007
902365,117,2026-06-26 08:22:00,earn,,1009
900927,49,2026-06-26 08:30:00,earn,,1004
903290,160,2026-06-26 08:42:00,earn,,1010
901048,55,2026-06-26 08:55:00,earn,,1011
901665,81,2026-06-26 09:40:00,earn,,1011
902968,144,2026-06-26 10:19:00,earn,,1012
902713,130,2026-06-26 11:00:00,tier_change,,1006
903102,150,2026-06-26 11:57:00,earn,,1003
903893,194,2026-06-26 12:00:00,earn,,1008
900111,8,2026-06-26 12:24:00,signup,,1007
902994,144,2026-06-26 13:17:00,earn,,1012
903624,181,2026-06-26 14:00:00,tier_change,,1012
901461,74,2026-06-26 14:03:00,earn,,1011
902908,141,2026-06-26 14:29:00,earn,,1003
900890,47,2026-06-26 14:35:00,earn,,1003
903028,147,2026-06-26 15:58:00,earn,,1001
903906,194,2026-06-26 17:00:00,tier_change,,1008
900512,28,2026-06-26 17:07:00,earn,,1001
902833,139,2026-06-26 17:30:00,earn,,1012
901420,71,2026-06-27 07:33:00,redeem,1,1001
901296,66,2026-06-27 07:59:00,earn,,1002
903789,189,2026-06-27 09:24:00,earn,,1001
904566,232,2026-06-27 09:35:00,earn,,1007
902672,129,2026-06-27 10:52:00,earn,,1001
904207,209,2026-06-27 11:04:00,earn,,1003
901148,61,2026-06-27 11:06:00,earn,,1010
900249,14,2026-06-27 11:18:00,earn,,1010
901468,75,2026-06-27 11:19:00,earn,,1002
900664,35,2026-06-27 11:23:00,earn,,1009
901181,62,2026-06-27 11:38:00,earn,,1007
903002,145,2026-06-27 11:57:00,signup,,1008
903886,194,2026-06-27 13:05:00,earn,,1008
902295,112,2026-06-27 13:07:00,earn,,1005
900005,1,2026-06-27 13:20:00,earn,,1003
901038,54,2026-06-27 13:31:00,earn,,1012
904470,224,2026-06-27 13:47:00,earn,,1007
903836,191,2026-06-27 13:56:00,earn,,1012
900059,4,2026-06-27 13:57:00,earn,,1001
900919,48,2026-06-27 14:21:00,redeem,1,1004
902575,124,2026-06-27 14:38:00,earn,,1010
901353,69,2026-06-27 15:28:00,earn,,1002
900202,12,2026-06-27 15:38:00,earn,,1006
905082,256,2026-06-27 15:44:00,signup,,1005
904818,247,2026-06-27 16:06:00,earn,,1001
904325,216,2026-06-27 16:09:00,earn,,1003
903325,162,2026-06-27 16:10:00,earn,,1010
901499,77,2026-06-27 16:38:00,earn,,1010
902312,113,2026-06-27 16:44:00,earn,,1005
900046,4,2026-06-27 17:04:00,earn,,1001
904719,239,2026-06-27 17:27:00,earn,,1007
905047,255,2026-06-27 18:00:00,earn,,1010
900945,51,2026-06-28 07:32:00,earn,,1005
900233,13,2026-06-28 09:00:00,earn,,1011
905118,257,2026-06-28 10:46:00,redeem,4,1002
903795,189,2026-06-28 10:59:00,earn,,1001
902424,119,2026-06-28 11:00:00,earn,,1005
904183,207,2026-06-28 11:01:00,earn,,1002
903385,166,2026-06-28 12:52:00,earn,,1009
901718,84,2026-06-28 12:53:00,earn,,1001
902895,141,2026-06-28 13:40:00,earn,,1003
902098,103,2026-06-28 13:46:00,earn,,1004
900312,19,2026-06-28 14:20:00,earn,,1007
900228,13,2026-06-28 15:17:00,signup,,1011
902967,144,2026-06-28 16:18:00,earn,,1012
902046,100,2026-06-28 17:00:00,tier_change,,1005
902618,127,2026-06-28 18:44:00,earn,,1007
901769,86,2026-06-29 07:04:00,redeem,1,1002
904869,248,2026-06-29 07:20:00,earn,,1003
900900,47,2026-06-29 10:02:00,redeem,2,1003
900056,4,2026-06-29 10:33:00,earn,,1001
902890,141,2026-06-29 11:30:00,earn,,1003
901959,93,2026-06-29 11:57:00,earn,,1006
902779,134,2026-06-29 12:33:00,redeem,4,1005
904739,241,2026-06-29 12:48:00,earn,,1004
903878,193,2026-06-29 12:50:00,redeem,6,1009
903583,179,2026-06-29 13:02:00,redeem,4,1003
904601,233,2026-06-29 13:11:00,earn,,1004
902260,109,2026-06-29 13:16:00,earn,,1002
901221,63,2026-06-29 13:32:00,earn,,1008
904196,208,2026-06-29 13:42:00,earn,,1002
900049,4,2026-06-29 14:28:00,earn,,1001
903533,177,2026-06-29 14:31:00,earn,,1009
903769,188,2026-06-29 14:38:00,signup,,1002
904650,235,2026-06-29 15:37:00,signup,,1009
900445,24,2026-06-29 15:40:00,earn,,1001
901126,59,2026-06-29 15:55:00,earn,,1010
903674,184,2026-06-29 16:07:00,earn,,1007
900240,13,2026-06-29 16:19:00,redeem,2,1011
904536,230,2026-06-29 16:26:00,earn,,1007
900382,21,2026-06-29 16:28:00,earn,,1001
903306,161,2026-06-29 16:47:00,signup,,1003
900782,42,2026-06-29 17:20:00,redeem,5,1008
904786,244,2026-06-29 17:30:00,earn,,1002
900688,37,2026-06-29 17:51:00,earn,,1007
900238,13,2026-06-29 17:53:00,earn,,1011
901563,79,2026-06-29 18:44:00,earn,,1009
903379,165,2026-06-30 07:00:00,tier_change,,1011
901582,79,2026-06-30 07:36:00,redeem,6,1009
901301,66,2026-06-30 07:40:00,redeem,1,1002
902151,105,2026-06-30 08:16:00,earn,,1009
904182,207,2026-06-30 08:21:00,earn,,1002
902024,97,2026-06-30 08:41:00,redeem,1,1002
903579,179,2026-06-30 08:58:00,earn,,1003
902037,100,2026-06-30 10:00:00,earn,,1005
904766,243,2026-06-30 10:48:00,earn,,1006
904320,216,2026-06-30 12:04:00,earn,,1003
900739,39,2026-06-30 12:13:00,signup,,1010
904016,200,2026-06-30 12:25:00,earn,,1008
900681,36,2026-06-30 12:27:00,signup,,1002
900686,36,2026-06-30 12:37:00,earn,,1002
900869,46,2026-06-30 13:13:00,earn,,1005
904742,241,2026-06-30 13:22:00,earn,,1004
901035,54,2026-06-30 13:25:00,earn,,1012
902794,136,2026-06-30 13:39:00,earn,,1011
902127,103,2026-06-30 13:50:00,redeem,4,1004
902483,121,2026-06-30 15:05:00,earn,,1008
903775,188,2026-06-30 15:07:00,earn,,1002
900069,4,2026-06-30 15:18:00,redeem,6,1001
903062,148,2026-06-30 15:51:00,earn,,1011
904674,237,2026-06-30 16:11:00,earn,,1011
904337,217,2026-06-30 16:33:00,earn,,1007
904131,204,2026-06-30 16:44:00,redeem,2,1006
904204,209,2026-06-30 17:10:00,earn,,1003
903913,195,2026-06-30 17:41:00,earn,,1007
901459,74,2026-06-30 17:46:00,earn,,1011
904195,208,2026-06-30 17:55:00,earn,,1002
900033,3,2026-07-01 07:49:00,earn,,1002
901457,74,2026-07-01 07:58:00,earn,,1011
903282,160,2026-07-01 08:55:00,earn,,1010
904922,249,2026-07-01 09:00:00,tier_change,,1004
902080,102,2026-07-01 09:03:00,earn,,1008
901927,92,2026-07-01 09:35:00,earn,,1010
900102,7,2026-07-01 09:52:00,earn,,1001
904651,235,2026-07-01 10:59:00,earn,,1009
904235,211,2026-07-01 12:23:00,earn,,1005
901224,63,2026-07-01 12:24:00,earn,,1008
903063,148,2026-07-01 12:26:00,earn,,1011
902430,119,2026-07-01 12:47:00,earn,,1005
904737,241,2026-07-01 12:53:00,earn,,1004
904414,221,2026-07-01 13:01:00,earn,,1006
903405,167,2026-07-01 13:36:00,earn,,1008
901118,59,2026-07-01 14:19:00,earn,,1010
900287,16,2026-07-01 15:11:00,earn,,1002
903721,186,2026-07-01 15:42:00,earn,,1011
902739,132,2026-07-01 15:47:00,redeem,2,1003
901605,80,2026-07-01 15:55:00,earn,,1010
903720,186,2026-07-01 16:07:00,earn,,1011
903322,162,2026-07-01 16:36:00,earn,,1010
903518,174,2026-07-01 16:37:00,redeem,3,1007
903496,171,2026-07-01 16:51:00,earn,,1002
904656,235,2026-07-01 17:10:00,redeem,3,1009
900269,15,2026-07-01 18:15:00,earn,,1001
904845,248,2026-07-01 18:42:00,earn,,1003
900677,35,2026-07-02 07:41:00,earn,,1009
904534,230,2026-07-02 07:44:00,earn,,1007
904550,231,2026-07-02 07:57:00,earn,,1005
903768,187,2026-07-02 08:00:00,tier_change,,1008
900670,35,2026-07-02 08:45:00,earn,,1009
904862,248,2026-07-02 08:49:00,earn,,1003
901147,61,2026-07-02 09:33:00,earn,,1010
904139,205,2026-07-02 09:38:00,earn,,1005
900957,51,2026-07-02 10:14:00,earn,,1005
900527,29,2026-07-02 12:36:00,earn,,1010
904367,219,2026-07-02 13:15:00,earn,,1001
904075,202,2026-07-02 13:35:00,earn,,1011
905156,258,2026-07-02 14:07:00,redeem,5,1007
903201,157,2026-07-02 14:14:00,earn,,1001
901443,73,2026-07-02 14:22:00,earn,,1001
901796,87,2026-07-02 15:06:00,earn,,1007
901289,66,2026-07-02 15:09:00,earn,,1002
904082,202,2026-07-02 15:27:00,earn,,1011
901501,77,2026-07-02 17:31:00,earn,,1010
900163,10,2026-07-02 17:56:00,earn,,1005
905085,256,2026-07-02 17:59:00,earn,,1005
903734,186,2026-07-02 18:00:00,tier_change,,1011
901243,64,2026-07-02 18:15:00,earn,,1003
903490,171,2026-07-02 18:39:00,earn,,1002
904259,212,2026-07-03 07:19:00,earn,,1007
903343,163,2026-07-03 09:28:00,redeem,3,1001
900162,10,2026-07-03 10:03:00,earn,,1005
904441,223,2026-07-03 10:19:00,earn,,1007
902176,106,2026-07-03 10:34:00,earn,,1003
903569,178,2026-07-03 12:09:00,redeem,3,1002
901580,79,2026-07-03 12:51:00,earn,,1009
900314,19,2026-07-03 13:08:00,earn,,1007
901427,72,2026-07-03 13:19:00,earn,,1009
902918,141,2026-07-03 13:29:00,redeem,1,1003
904653,235,2026-07-03 14:49:00,earn,,1009
901235,64,2026-07-03 15:36:00,earn,,1003
904523,228,2026-07-03 16:08:00,earn,,1004
901882,91,2026-07-03 16:10:00,earn,,1009
900450,24,2026-07-03 16:18:00,earn,,1001
904989,253,2026-07-03 18:01:00,earn,,1001
901152,61,2026-07-03 18:16:00,earn,,1010
903140,152,2026-07-03 18:49:00,earn,,1009
902238,109,2026-07-04 07:29:00,earn,,1002
900376,21,2026-07-04 08:43:00,earn,,1001
901569,79,2026-07-04 08:50:00,earn,,1009
903105,150,2026-07-04 09:00:00,tier_change,,1003
900740,39,2026-07-04 10:01:00,earn,,1010
901107,58,2026-07-04 10:03:00,earn,,1007
903250,158,2026-07-04 10:07:00,earn,,1001
901088,57,2026-07-04 10:51:00,earn,,1004
902276,111,2026-07-04 10:53:00,earn,,1011
903155,153,2026-07-04 12:08:00,earn,,1002
902344,116,2026-07-04 12:57:00,redeem,4,1011
902115,103,2026-07-04 13:27:00,earn,,1004
900671,35,2026-07-04 13:52:00,earn,,1009
905098,257,2026-07-04 14:09:00,earn,,1002
903324,162,2026-07-04 14:53:00,earn,,1010
903976,199,2026-07-04 15:16:00,earn,,1007
900368,21,2026-07-04 16:28:00,earn,,1001
903170,154,2026-07-04 16:35:00,earn,,1011
900341,20,2026-07-04 16:35:00,earn,,1005
900189,11,2026-07-04 16:37:00,earn,,1004
902830,139,2026-07-04 16:39:00,earn,,1012
900237,13,2026-07-04 16:43:00,earn,,1011
902141,105,2026-07-04 16:51:00,earn,,1009
904904,249,2026-07-04 17:03:00,earn,,1004
902939,142,2026-07-05 07:58:00,redeem,5,1010
903956,198,2026-07-05 09:08:00,earn,,1004
902915,141,2026-07-05 09:11:00,redeem,3,1003
901520,78,2026-07-05 09:51:00,earn,,1007
900731,38,2026-07-05 10:03:00,redeem,1,1007
903707,186,2026-07-05 11:29:00,earn,,1011
903643,182,2026-07-05 12:31:00,earn,,1007
902465,120,2026-07-05 13:22:00,earn,,1012
900260,15,2026-07-05 13:35:00,earn,,1001
903994,199,2026-07-05 14:42:00,earn,,1007
901872,91,2026-07-05 15:22:00,earn,,1009
904443,223,2026-07-05 16:16:00,earn,,1007
902869,140,2026-07-05 17:17:00,earn,,1011
901077,56,2026-07-05 17:56:00,earn,,1006
904434,222,2026-07-05 18:00:00,tier_change,,1003
903234,157,2026-07-06 08:00:00,tier_change,,1001
903329,163,2026-07-06 08:05:00,earn,,1001
901144,60,2026-07-06 08:19:00,redeem,2,1008
900648,33,2026-07-06 08:47:00,redeem,3,1009
904349,218,2026-07-06 08:48:00,earn,,1004
903270,159,2026-07-06 10:50:00,earn,,1007
903608,181,2026-07-06 10:53:00,earn,,1012
901586,79,2026-07-06 11:28:00,redeem,4,1009
905142,258,2026-07-06 11:30:00,earn,,1007
903928,197,2026-07-06 12:35:00,earn,,1011
904664,237,2026-07-06 12:44:00,earn,,1011
902849,140,2026-07-06 13:30:00,earn,,1011
902038,100,2026-07-06 13:39:00,earn,,1005
903821,190,2026-07-06 15:29:00,redeem,3,1002
903421,169,2026-07-06 15:35:00,earn,,1001
904217,210,2026-07-06 15:47:00,earn,,1004
904369,219,2026-07-06 16:02:00,earn,,1001
900264,15,2026-07-06 16:27:00,earn,,1001
901911,92,2026-07-06 16:36:00,earn,,1010
901119,59,2026-07-06 16:39:00,earn,,1010
900091,5,2026-07-06 17:14:00,earn,,1001
900666,35,2026-07-06 17:34:00,earn,,1009
902525,122,2026-07-06 17:42:00,earn,,1012
903457,170,2026-07-06 17:53:00,earn,,1002
902195,107,2026-07-06 18:43:00,earn,,1004
901984,96,2026-07-07 07:11:00,earn,,1002
903665,183,2026-07-07 07:36:00,earn,,1001
902468,120,2026-07-07 07:38:00,earn,,1012
901330,68,2026-07-07 08:30:00,earn,,1010
901755,86,2026-07-07 08:31:00,earn,,1002
900079,5,2026-07-07 09:00:00,earn,,1001
904905,249,2026-07-07 09:41:00,earn,,1004
904146,206,2026-07-07 09:45:00,earn,,1006
902551,123,2026-07-07 10:01:00,earn,,1002
901071,56,2026-07-07 10:32:00,earn,,1006
900570,30,2026-07-07 10:32:00,redeem,2,1011
902039,100,2026-07-07 10:38:00,earn,,1005
900846,45,2026-07-07 10:48:00,redeem,4,1006
903831,191,2026-07-07 10:52:00,earn,,1012
901816,88,2026-07-07 10:54:00,earn,,1007
901302,67,2026-07-07 11:39:00,signup,,1008
900748,41,2026-07-07 12:15:00,earn,,1005
904880,249,2026-07-07 13:14:00,earn,,1004
904218,210,2026-07-07 13:17:00,earn,,1004
900684,36,2026-07-07 13:18:00,earn,,1002
901519,78,2026-07-07 13:22:00,earn,,1007
903168,154,2026-07-07 13:23:00,earn,,1011
904941,251,2026-07-07 13:31:00,earn,,1004
903895,194,2026-07-07 13:55:00,earn,,1008
903196,157,2026-07-07 14:33:00,earn,,1001
903909,195,2026-07-07 14:36:00,earn,,1007
903642,182,2026-07-07 14:52:00,earn,,1007
902721,132,2026-07-07 14:58:00,earn,,1003
903714,186,2026-07-07 15:08:00,earn,,1011
901990,96,2026-07-07 15:33:00,earn,,1002
903910,195,2026-07-07 15:46:00,earn,,1007
904116,204,2026-07-07 15:54:00,earn,,1006
905184,260,2026-07-07 16:47:00,earn,,1004
902163,106,2026-07-07 17:14:00,earn,,1003
900526,29,2026-07-07 17:15:00,earn,,1010
900192,11,2026-07-07 17:21:00,earn,,1004
901473,75,2026-07-07 18:00:00,tier_change,,1002
904961,252,2026-07-07 18:08:00,earn,,1009
901826,88,2026-07-07 18:11:00,redeem,4,1007
903125,151,2026-07-07 18:34:00,earn,,1002
902273,111,2026-07-08 08:12:00,earn,,1011
902048,101,2026-07-08 08:21:00,earn,,1009
903163,153,2026-07-08 09:09:00,earn,,1002
902286,111,2026-07-08 10:09:00,redeem,6,1011
901431,72,2026-07-08 10:21:00,earn,,1009
900667,35,2026-07-08 10:38:00,earn,,1009
902265,110,2026-07-08 11:27:00,signup,,1002
900651,33,2026-07-08 12:00:00,tier_change,,1009
905104,257,2026-07-08 12:04:00,earn,,1002
903312,161,2026-07-08 12:34:00,earn,,1003
902250,109,2026-07-08 13:00:00,earn,,1002
901773,87,2026-07-08 13:32:00,earn,,1007
902842,139,2026-07-08 13:45:00,redeem,2,1012
900793,43,2026-07-08 13:46:00,earn,,1003
905091,257,2026-07-08 14:53:00,earn,,1002
902155,105,2026-07-08 14:55:00,redeem,5,1009
900543,30,2026-07-08 15:28:00,earn,,1011
900515,28,2026-07-08 15:34:00,earn,,1001
901886,91,2026-07-08 15:58:00,earn,,1009
902635,127,2026-07-08 17:38:00,earn,,1007
904925,250,2026-07-08 17:46:00,earn,,1002
900463,25,2026-07-08 17:53:00,earn,,1010
901264,65,2026-07-08 17:58:00,earn,,1009
904594,233,2026-07-08 18:00:00,earn,,1004
900099,7,2026-07-08 18:24:00,earn,,1001
900698,38,2026-07-08 18:29:00,earn,,1007
902747,133,2026-07-09 07:04:00,earn,,1006
900693,37,2026-07-09 07:37:00,redeem,6,1007
902290,112,2026-07-09 08:25:00,earn,,1005
904003,199,2026-07-09 08:49:00,redeem,2,1007
905093,257,2026-07-09 11:57:00,earn,,1002
901859,90,2026-07-09 12:14:00,earn,,1007
903160,153,2026-07-09 12:55:00,earn,,1002
901441,73,2026-07-09 14:09:00,earn,,1001
903143,152,2026-07-09 14:10:00,earn,,1009
901660,81,2026-07-09 14:33:00,earn,,1011
902343,116,2026-07-09 15:12:00,redeem,5,1011
900567,30,2026-07-09 15:40:00,earn,,1011
903993,199,2026-07-09 16:41:00,earn,,1007
901663,81,2026-07-09 17:11:00,earn,,1011
904947,251,2026-07-09 17:42:00,earn,,1004
901550,79,2026-07-09 17:45:00,earn,,1009
901924,92,2026-07-09 17:48:00,earn,,1010
900895,47,2026-07-10 07:34:00,earn,,1003
903386,166,2026-07-10 08:11:00,earn,,1009
900351,20,2026-07-10 08:25:00,earn,,1005
903589,180,2026-07-10 08:39:00,earn,,1008
905087,256,2026-07-10 09:12:00,earn,,1005
902348,117,2026-07-10 09:37:00,earn,,1009
900492,27,2026-07-10 11:17:00,redeem,4,1011
904934,250,2026-07-10 11:32:00,earn,,1002
905078,255,2026-07-10 11:57:00,redeem,4,1010
901079,56,2026-07-10 12:59:00,earn,,1006
903916,195,2026-07-10 13:24:00,earn,,1007
903004,145,2026-07-10 13:36:00,earn,,1008
902235,109,2026-07-10 13:58:00,earn,,1002
904963,252,2026-07-10 15:58:00,earn,,1009
902368,117,2026-07-10 16:23:00,earn,,1009
902850,140,2026-07-10 17:24:00,earn,,1011
900365,21,2026-07-10 17:45:00,earn,,1001
900936,50,2026-07-10 17:54:00,earn,,1004
903116,151,2026-07-11 07:11:00,earn,,1002
904873,248,2026-07-11 07:16:00,earn,,1003
900940,50,2026-07-11 07:31:00,redeem,1,1004
903174,155,2026-07-11 08:06:00,earn,,1008
901110,58,2026-07-11 08:34:00,earn,,1007
904286,214,2026-07-11 08:42:00,earn,,1005
900776,42,2026-07-11 09:55:00,earn,,1008
901154,61,2026-07-11 11:54:00,earn,,1010
904065,201,2026-07-11 12:36:00,earn,,1008
904652,235,2026-07-11 13:29:00,earn,,1009
902084,102,2026-07-11 13:51:00,earn,,1008
902664,128,2026-07-11 14:27:00,redeem,5,1008
904927,250,2026-07-11 15:09:00,earn,,1002
901860,90,2026-07-11 15:09:00,earn,,1007
903278,159,2026-07-11 15:50:00,earn,,1007
901115,59,2026-07-11 15:54:00,earn,,1010
904662,236,2026-07-11 16:04:00,redeem,3,1011
900169,10,2026-07-11 16:37:00,earn,,1005
901661,81,2026-07-11 16:55:00,earn,,1011
902070,102,2026-07-11 17:03:00,earn,,1008
902049,101,2026-07-11 17:32:00,earn,,1009
904787,244,2026-07-11 17:36:00,earn,,1002
901309,68,2026-07-11 18:23:00,earn,,1010
901504,77,2026-07-11 18:44:00,redeem,3,1010
900892,47,2026-07-11 18:47:00,earn,,1003
901075,56,2026-07-11 18:59:00,earn,,1006
901409,71,2026-07-12 07:10:00,earn,,1001
903899,194,2026-07-12 07:15:00,earn,,1008
904835,247,2026-07-12 07:50:00,redeem,1,1001
904503,226,2026-07-12 08:09:00,earn,,1008
900298,16,2026-07-12 08:13:00,redeem,3,1002
904721,240,2026-07-12 08:15:00,signup,,1010
904445,223,2026-07-12 08:39:00,earn,,1007
902321,114,2026-07-12 09:27:00,earn,,1009
904734,241,2026-07-12 09:37:00,earn,,1004
901500,77,2026-07-12 09:44:00,earn,,1010
903266,158,2026-07-12 09:55:00,redeem,2,1001
900780,42,2026-07-12 09:56:00,earn,,1008
902161,106,2026-07-12 10:13:00,earn,,1003
901017,54,2026-07-12 11:33:00,earn,,1012
905201,260,2026-07-12 12:00:00,tier_change,,1004
900053,4,2026-07-12 13:42:00,earn,,1001
904946,251,2026-07-12 14:01:00,earn,,1004
900438,23,2026-07-12 15:31:00,redeem,1,1007
904167,207,2026-07-12 15:33:00,earn,,1002
902293,112,2026-07-12 15:54:00,earn,,1005
904808,246,2026-07-12 16:24:00,signup,,1010
903637,182,2026-07-12 16:59:00,earn,,1007
904898,249,2026-07-12 17:02:00,earn,,1004
902083,102,2026-07-12 17:54:00,earn,,1008
900510,28,2026-07-12 18:26:00,earn,,1001
904194,208,2026-07-12 18:44:00,earn,,1002
903690,184,2026-07-12 18:46:00,earn,,1007
903827,191,2026-07-12 18:53:00,earn,,1012
901624,80,2026-07-12 18:59:00,earn,,1010
905166,260,2026-07-12 18:59:00,earn,,1004
904849,248,2026-07-13 07:37:00,earn,,1003
901425,72,2026-07-13 08:44:00,earn,,1009
904850,248,2026-07-13 09:08:00,earn,,1003
904162,207,2026-07-13 09:19:00,earn,,1002
900779,42,2026-07-13 09:31:00,earn,,1008
903307,161,2026-07-13 09:40:00,earn,,1003
901692,83,2026-07-13 09:41:00,earn,,1007
900685,36,2026-07-13 10:05:00,earn,,1002
902633,127,2026-07-13 10:11:00,earn,,1007
904479,225,2026-07-13 10:21:00,earn,,1008
902296,112,2026-07-13 10:40:00,earn,,1005
903513,174,2026-07-13 10:41:00,earn,,1007
901448,73,2026-07-13 11:01:00,earn,,1001
901281,65,2026-07-13 11:21:00,redeem,1,1009
902000,97,2026-07-13 11:31:00,earn,,1002
902042,100,2026-07-13 12:08:00,earn,,1005
902856,140,2026-07-13 12:11:00,earn,,1011
901255,64,2026-07-13 14:03:00,redeem,6,1003
903544,177,2026-07-13 15:00:00,tier_change,,1009
903305,160,2026-07-13 15:17:00,redeem,4,1010
901408,71,2026-07-13 15:27:00,earn,,1001
900998,53,2026-07-13 17:01:00,earn,,1003
904289,214,2026-07-13 17:04:00,earn,,1005
902279,111,2026-07-13 18:01:00,earn,,1011
902341,116,2026-07-13 18:14:00,earn,,1011
903990,199,2026-07-14 08:15:00,earn,,1007
905115,257,2026-07-14 08:21:00,redeem,4,1002
901167,62,2026-07-14 10:23:00,earn,,1007
901142,60,2026-07-14 10:39:00,earn,,1008
904660,236,2026-07-14 10:39:00,earn,,1011
900112,8,2026-07-14 11:07:00,earn,,1007
903449,169,2026-07-14 13:03:00,redeem,3,1001
904424,221,2026-07-14 13:09:00,redeem,4,1006
901512,78,2026-07-14 14:26:00,earn,,1007
900027,3,2026-07-14 14:37:00,earn,,1002
902931,142,2026-07-14 15:17:00,earn,,1010
903835,191,2026-07-14 16:53:00,earn,,1012
902334,115,2026-07-14 17:23:00,redeem,5,1007
901880,91,2026-07-14 17:42:00,earn,,1009
904392,221,2026-07-14 17:51:00,earn,,1006
900618,32,2026-07-14 18:25:00,earn,,1010
904084,202,2026-07-14 18:43:00,earn,,1011
900385,21,2026-07-15 07:46:00,redeem,6,1001
902708,130,2026-07-15 07:47:00,redeem,3,1006
904723,240,2026-07-15 07:49:00,earn,,1010
901447,73,2026-07-15 08:42:00,earn,,1001
903840,192,2026-07-15 09:45:00,signup,,1006
900597,31,2026-07-15 10:04:00,earn,,1012
901834,89,2026-07-15 12:37:00,earn,,1006
903646,182,2026-07-15 13:33:00,earn,,1007
902374,117,2026-07-15 13:39:00,earn,,1009
904380,219,2026-07-15 14:00:00,tier_change,,1001
903462,170,2026-07-15 15:24:00,earn,,1002
900105,7,2026-07-15 15:47:00,earn,,1001
902798,136,2026-07-15 17:18:00,earn,,1011
902673,129,2026-07-15 18:24:00,earn,,1001
901219,63,2026-07-16 07:02:00,earn,,1008
904918,249,2026-07-16 07:25:00,redeem,3,1004
905186,260,2026-07-16 08:12:00,earn,,1004
901807,87,2026-07-16 11:04:00,redeem,2,1007
904545,231,2026-07-16 11:18:00,earn,,1005
900934,50,2026-07-16 11:41:00,earn,,1004
901853,89,2026-07-16 12:00:00,tier_change,,1006
904053,201,2026-07-16 12:09:00,earn,,1008
903511,174,2026-07-16 12:16:00,earn,,1007
900733,38,2026-07-16 12:30:00,redeem,3,1007
901554,79,2026-07-16 12:46:00,earn,,1009
904973,252,2026-07-16 12:58:00,earn,,1009
903038,147,2026-07-16 13:16:00,earn,,1001
900425,23,2026-07-16 13:32:00,earn,,1007
902599,125,2026-07-16 14:11:00,earn,,1008
900461,25,2026-07-16 14:13:00,earn,,1010
900732,38,2026-07-16 15:08:00,redeem,5,1007
904476,225,2026-07-16 15:41:00,earn,,1008
904563,231,2026-07-16 16:00:00,tier_change,,1005
903352,165,2026-07-16 16:42:00,earn,,1011
900184,11,2026-07-17 07:05:00,earn,,1004
901012,53,2026-07-17 07:09:00,earn,,1003
901105,58,2026-07-17 07:24:00,earn,,1007
900925,49,2026-07-17 08:06:00,earn,,1004
904945,251,2026-07-17 08:46:00,earn,,1004
904821,247,2026-07-17 08:47:00,earn,,1001
904832,247,2026-07-17 09:19:00,earn,,1001
900252,14,2026-07-17 09:23:00,redeem,5,1010
902578,124,2026-07-17 10:14:00,earn,,1010
902329,115,2026-07-17 12:09:00,earn,,1007
901396,70,2026-07-17 12:50:00,redeem,5,1007
902152,105,2026-07-17 13:10:00,earn,,1009
900388,21,2026-07-17 13:49:00,redeem,4,1001
902175,106,2026-07-17 14:15:00,earn,,1003
903022,147,2026-07-17 14:31:00,earn,,1001
903924,197,2026-07-17 14:31:00,earn,,1011
902272,111,2026-07-17 16:01:00,earn,,1011
903073,149,2026-07-17 16:29:00,earn,,1001
905199,260,2026-07-17 17:29:00,redeem,2,1004
902760,134,2026-07-17 17:31:00,earn,,1005
902214,108,2026-07-17 18:05:00,earn,,1004
901244,64,2026-07-18 07:47:00,earn,,1003
903953,198,2026-07-18 09:03:00,earn,,1004
904718,239,2026-07-18 09:45:00,earn,,1007
900140,9,2026-07-18 10:47:00,redeem,2,1008
900784,43,2026-07-18 11:02:00,earn,,1003
900654,34,2026-07-18 11:08:00,earn,,1008
904487,225,2026-07-18 11:42:00,earn,,1008
901884,91,2026-07-18 12:52:00,earn,,1009
904219,210,2026-07-18 13:09:00,earn,,1004
902590,125,2026-07-18 13:23:00,earn,,1008
900412,22,2026-07-18 14:27:00,earn,,1005
903516,174,2026-07-18 14:47:00,earn,,1007
901104,58,2026-07-18 15:14:00,earn,,1007
902075,102,2026-07-18 15:43:00,earn,,1008
900853,45,2026-07-18 16:00:00,tier_change,,1006
904214,210,2026-07-18 16:17:00,earn,,1004
903199,157,2026-07-18 16:58:00,earn,,1001
901111,58,2026-07-18 17:05:00,earn,,1007
902239,109,2026-07-18 17:31:00,earn,,1002
900258,15,2026-07-19 07:03:00,earn,,1001
900676,35,2026-07-19 07:03:00,earn,,1009
903277,159,2026-07-19 07:25:00,earn,,1007
901236,64,2026-07-19 07:36:00,earn,,1003
903576,179,2026-07-19 08:09:00,earn,,1003
903007,145,2026-07-19 08:49:00,earn,,1008
903209,157,2026-07-19 09:34:00,earn,,1001
900469,27,2026-07-19 09:41:00,earn,,1011
904800,245,2026-07-19 10:11:00,earn,,1001
904727,240,2026-07-19 10:41:00,earn,,1010
902425,119,2026-07-19 10:47:00,earn,,1005
904209,209,2026-07-19 11:18:00,redeem,5,1003
901434,72,2026-07-19 12:14:00,redeem,3,1009
900133,9,2026-07-19 12:37:00,earn,,1008
902651,128,2026-07-19 13:33:00,earn,,1008
904297,215,2026-07-19 13:46:00,earn,,1005
901905,92,2026-07-19 13:52:00,earn,,1010
902802,136,2026-07-19 14:08:00,earn,,1011
901526,78,2026-07-19 14:15:00,earn,,1007
901789,87,2026-07-19 14:42:00,earn,,1007
900048,4,2026-07-19 15:46:00,earn,,1001
900266,15,2026-07-19 16:13:00,earn,,1001
900787,43,2026-07-19 16:19:00,earn,,1003
901922,92,2026-07-19 16:44:00,earn,,1010
901080,56,2026-07-19 17:20:00,redeem,5,1006
905026,254,2026-07-19 18:13:00,earn,,1010
901306,67,2026-07-19 18:21:00,earn,,1008
902942,143,2026-07-20 07:12:00,earn,,1001
901815,88,2026-07-20 08:15:00,earn,,1007
902234,109,2026-07-20 08:44:00,earn,,1002
902043,100,2026-07-20 09:51:00,redeem,1,1005
901702,83,2026-07-20 10:04:00,earn,,1007
904575,233,2026-07-20 10:07:00,earn,,1004
904373,219,2026-07-20 11:34:00,earn,,1001
904891,249,2026-07-20 11:42:00,earn,,1004
900128,9,2026-07-20 11:51:00,earn,,1008
901647,80,2026-07-20 11:51:00,redeem,2,1010
900315,19,2026-07-20 12:42:00,earn,,1007
903481,170,2026-07-20 12:55:00,redeem,3,1002
901112,58,2026-07-20 13:03:00,redeem,1,1007
903671,183,2026-07-20 14:12:00,earn,,1001
903581,179,2026-07-20 14:17:00,earn,,1003
904023,200,2026-07-20 15:58:00,earn,,1008
904283,214,2026-07-20 16:55:00,earn,,1005
904812,246,2026-07-20 16:59:00,earn,,1010
901542,78,2026-07-20 17:00:00,tier_change,,1007
904940,251,2026-07-20 17:11:00,earn,,1004
904991,253,2026-07-20 17:17:00,earn,,1001
903401,167,2026-07-20 17:32:00,earn,,1008
900257,15,2026-07-20 18:21:00,earn,,1001
900646,33,2026-07-20 18:48:00,redeem,5,1009
901113,58,2026-07-21 07:00:00,tier_change,,1007
905181,260,2026-07-21 07:09:00,earn,,1004
901575,79,2026-07-21 07:27:00,earn,,1009
901298,66,2026-07-21 07:49:00,earn,,1002
901034,54,2026-07-21 08:37:00,earn,,1012
903921,197,2026-07-21 10:08:00,earn,,1011
904826,247,2026-07-21 10:44:00,earn,,1001
901750,85,2026-07-21 10:47:00,redeem,3,1007
903505,173,2026-07-21 10:52:00,signup,,1009
900229,13,2026-07-21 11:02:00,earn,,1011
904814,247,2026-07-21 11:13:00,earn,,1001
904184,207,2026-07-21 11:14:00,earn,,1002
900182,11,2026-07-21 12:15:00,earn,,1004
903519,175,2026-07-21 12:18:00,signup,,1010
900118,9,2026-07-21 12:35:00,earn,,1008
900175,10,2026-07-21 12:53:00,redeem,1,1005
903169,154,2026-07-21 12:55:00,earn,,1011
904397,221,2026-07-21 13:23:00,earn,,1006
903572,179,2026-07-21 14:16:00,earn,,1003
901760,86,2026-07-21 14:44:00,earn,,1002
900113,8,2026-07-21 14:45:00,earn,,1007
902123,103,2026-07-21 15:33:00,redeem,1,1004
904335,217,2026-07-21 15:50:00,earn,,1007
902033,99,2026-07-21 18:12:00,earn,,1008
901629,80,2026-07-21 18:16:00,earn,,1010
900270,15,2026-07-21 18:56:00,redeem,2,1001
904497,226,2026-07-22 07:08:00,earn,,1008
903585,180,2026-07-22 07:51:00,earn,,1008
901968,93,2026-07-22 08:11:00,redeem,6,1006
900305,18,2026-07-22 08:26:00,signup,,1003
904658,236,2026-07-22 08:55:00,earn,,1011
904661,236,2026-07-22 09:01:00,earn,,1011
900012,1,2026-07-22 11:22:00,earn,,1003
903157,153,2026-07-22 11:31:00,earn,,1002
900745,40,2026-07-22 11:33:00,earn,,1006
902516,122,2026-07-22 11:39:00,earn,,1012
901117,59,2026-07-22 12:55:00,earn,,1010
903771,188,2026-07-22 13:04:00,earn,,1002
903566,178,2026-07-22 13:21:00,redeem,3,1002
902421,119,2026-07-22 13:36:00,earn,,1005
902700,130,2026-07-22 13:54:00,earn,,1006
903524,176,2026-07-22 13:55:00,signup,,1002
900807,44,2026-07-22 14:55:00,earn,,1002
903940,197,2026-07-22 15:05:00,redeem,6,1011
904828,247,2026-07-22 15:48:00,earn,,1001
900282,16,2026-07-22 15:53:00,earn,,1002
902888,141,2026-07-22 16:21:00,earn,,1003
903741,187,2026-07-22 16:30:00,earn,,1008
900356,20,2026-07-22 16:48:00,earn,,1005
901356,69,2026-07-22 17:03:00,earn,,1002
900719,38,2026-07-22 17:14:00,earn,,1007
902663,128,2026-07-22 17:17:00,redeem,4,1008
904508,226,2026-07-23 07:21:00,earn,,1008
900864,46,2026-07-23 07:24:00,earn,,1005
901465,75,2026-07-23 07:59:00,earn,,1002
901869,90,2026-07-23 08:00:00,tier_change,,1007
901821,88,2026-07-23 08:16:00,earn,,1007
901049,55,2026-07-23 08:34:00,earn,,1011
903725,186,2026-07-23 09:14:00,earn,,1011
904902,249,2026-07-23 09:15:00,earn,,1004
902190,107,2026-07-23 09:43:00,earn,,1004
901664,81,2026-07-23 10:47:00,earn,,1011
902803,136,2026-07-23 12:05:00,earn,,1011
902164,106,2026-07-23 12:42:00,earn,,1003
901163,62,2026-07-23 13:00:00,earn,,1007
903009,146,2026-07-23 13:25:00,signup,,1008
905072,255,2026-07-23 13:41:00,redeem,1,1010
901469,75,2026-07-23 13:59:00,earn,,1002
904467,224,2026-07-23 14:36:00,earn,,1007
901185,62,2026-07-23 15:27:00,earn,,1007
901463,75,2026-07-23 15:48:00,earn,,1002
900531,29,2026-07-23 16:00:00,earn,,1010
901220,63,2026-07-23 16:15:00,earn,,1008
900296,16,2026-07-23 16:55:00,earn,,1002
903853,193,2026-07-23 16:59:00,earn,,1009
904150,206,2026-07-23 18:02:00,earn,,1006
905077,255,2026-07-23 18:55:00,redeem,2,1010
903164,153,2026-07-24 07:32:00,redeem,4,1002
903104,150,2026-07-24 08:03:00,earn,,1003
901109,58,2026-07-24 08:35:00,earn,,1007
904562,231,2026-07-24 08:52:00,redeem,5,1005
901426,72,2026-07-24 09:07:00,earn,,1009
903375,165,2026-07-24 09:34:00,redeem,3,1011
900384,21,2026-07-24 09:36:00,redeem,5,1001
903522,175,2026-07-24 10:50:00,earn,,1010
901432,72,2026-07-24 12:11:00,earn,,1009
904492,225,2026-07-24 12:51:00,earn,,1008
902415,119,2026-07-24 12:52:00,earn,,1005
902281,111,2026-07-24 13:25:00,earn,,1011
903060,148,2026-07-24 14:37:00,earn,,1011
903770,188,2026-07-24 15:15:00,earn,,1002
900937,50,2026-07-24 15:32:00,earn,,1004
904543,231,2026-07-24 16:04:00,earn,,1005
904318,216,2026-07-24 16:25:00,earn,,1003
904532,230,2026-07-24 16:26:00,earn,,1007
902088,102,2026-07-24 16:53:00,redeem,1,1008
902819,138,2026-07-24 17:45:00,earn,,1001
904995,253,2026-07-24 18:10:00,earn,,1001
903365,165,2026-07-24 18:17:00,earn,,1011
902965,144,2026-07-24 18:43:00,earn,,1012
904024,200,2026-07-25 07:10:00,earn,,1008
901657,81,2026-07-25 08:16:00,earn,,1011
901516,78,2026-07-25 08:31:00,earn,,1007
902131,104,2026-07-25 08:41:00,signup,,1011
904227,211,2026-07-25 08:54:00,earn,,1005
902299,112,2026-07-25 09:00:00,tier_change,,1005
902836,139,2026-07-25 09:29:00,earn,,1012
901995,96,2026-07-25 09:43:00,redeem,2,1002
904915,249,2026-07-25 09:46:00,redeem,1,1004
904174,207,2026-07-25 10:16:00,earn,,1002
903667,183,2026-07-25 11:09:00,earn,,1001
901878,91,2026-07-25 11:14:00,earn,,1009
900794,43,2026-07-25 11:22:00,earn,,1003
900550,30,2026-07-25 11:23:00,earn,,1011
901422,71,2026-07-25 12:09:00,redeem,1,1001
901852,89,2026-07-25 14:50:00,redeem,3,1006
900963,51,2026-07-25 15:08:00,redeem,1,1005
904329,216,2026-07-25 15:18:00,earn,,1003
902289,112,2026-07-25 16:07:00,earn,,1005
901217,63,2026-07-25 16:17:00,earn,,1008
902013,97,2026-07-25 16:43:00,earn,,1002
903098,150,2026-07-25 17:08:00,earn,,1003
901319,68,2026-07-25 18:04:00,earn,,1010
902922,141,2026-07-25 18:07:00,redeem,5,1003
902957,143,2026-07-26 07:44:00,earn,,1001
900254,14,2026-07-26 08:00:00,tier_change,,1010
902973,144,2026-07-26 08:14:00,earn,,1012
901600,80,2026-07-26 08:31:00,earn,,1010
900218,12,2026-07-26 08:53:00,earn,,1006
903871,193,2026-07-26 09:23:00,redeem,5,1009
904572,232,2026-07-26 09:32:00,redeem,6,1007
900970,52,2026-07-26 11:03:00,earn,,1008
904452,224,2026-07-26 11:05:00,earn,,1007
901553,79,2026-07-26 12:16:00,earn,,1009
902219,108,2026-07-26 12:17:00,earn,,1004
901120,59,2026-07-26 12:24:00,earn,,1010
900952,51,2026-07-26 13:16:00,earn,,1005
900915,48,2026-07-26 13:23:00,earn,,1004
904208,209,2026-07-26 13:34:00,redeem,6,1003
903145,152,2026-07-26 13:51:00,redeem,2,1009
903377,165,2026-07-26 14:11:00,redeem,6,1011
900768,42,2026-07-26 14:57:00,earn,,1008
901787,87,2026-07-26 16:23:00,earn,,1007
901430,72,2026-07-26 16:51:00,earn,,1009
901764,86,2026-07-26 16:53:00,earn,,1002
902454,119,2026-07-26 18:00:00,tier_change,,1005
902135,104,2026-07-27 07:09:00,redeem,3,1011
900464,25,2026-07-27 07:32:00,earn,,1010
901892,91,2026-07-27 08:20:00,earn,,1009
903387,166,2026-07-27 08:34:00,earn,,1009
901976,95,2026-07-27 08:40:00,signup,,1011
904050,201,2026-07-27 08:42:00,earn,,1008
904105,203,2026-07-27 08:50:00,earn,,1002
902158,105,2026-07-27 09:00:00,tier_change,,1009
901643,80,2026-07-27 09:15:00,redeem,6,1010
902318,114,2026-07-27 09:23:00,earn,,1009
900741,39,2026-07-27 09:31:00,earn,,1010
901906,92,2026-07-27 10:12:00,earn,,1010
901576,79,2026-07-27 10:15:00,earn,,1009
904347,218,2026-07-27 11:24:00,earn,,1004
901902,91,2026-07-27 12:13:00,redeem,2,1009
904482,225,2026-07-27 12:57:00,earn,,1008
901123,59,2026-07-27 13:06:00,earn,,1010
903841,192,2026-07-27 13:19:00,earn,,1006
902337,116,2026-07-27 13:30:00,earn,,1011
900611,32,2026-07-27 13:49:00,earn,,1010
901398,70,2026-07-27 14:00:00,tier_change,,1007
903051,147,2026-07-27 14:12:00,redeem,4,1001
904201,209,2026-07-27 14:19:00,earn,,1003
902765,134,2026-07-27 15:23:00,earn,,1005
903477,170,2026-07-27 15:59:00,earn,,1002
902829,139,2026-07-27 16:12:00,earn,,1012
901352,69,2026-07-27 16:57:00,earn,,1002
903158,153,2026-07-27 17:13:00,earn,,1002
904465,224,2026-07-27 17:30:00,earn,,1007
902669,129,2026-07-27 17:50:00,earn,,1001
904538,230,2026-07-27 18:55:00,earn,,1007
904923,249,2026-07-28 07:00:00,tier_change,,1004
903948,198,2026-07-28 07:41:00,earn,,1004
900308,18,2026-07-28 08:36:00,earn,,1003
904533,230,2026-07-28 09:03:00,earn,,1007
905086,256,2026-07-28 09:12:00,earn,,1005
900540,29,2026-07-28 09:24:00,earn,,1010
902916,141,2026-07-28 09:39:00,redeem,3,1003
901678,82,2026-07-28 10:23:00,earn,,1003
902180,106,2026-07-28 10:38:00,earn,,1003
900607,31,2026-07-28 11:05:00,redeem,6,1012
903561,178,2026-07-28 11:53:00,earn,,1002
904057,201,2026-07-28 14:28:00,earn,,1008
904535,230,2026-07-28 16:59:00,earn,,1007
900070,4,2026-07-28 17:56:00,redeem,2,1001
900241,13,2026-07-28 18:15:00,redeem,3,1011
902266,110,2026-07-29 07:07:00,earn,,1002
903351,165,2026-07-29 07:08:00,earn,,1011
900458,25,2026-07-29 07:25:00,earn,,1010
904314,215,2026-07-29 07:35:00,redeem,2,1005
905176,260,2026-07-29 08:31:00,earn,,1004
903793,189,2026-07-29 08:52:00,earn,,1001
903023,147,2026-07-29 09:24:00,earn,,1001
904896,249,2026-07-29 10:40:00,earn,,1004
900235,13,2026-07-29 11:14:00,earn,,1011
900197,11,2026-07-29 12:09:00,earn,,1004
904852,248,2026-07-29 13:04:00,earn,,1003
904554,231,2026-07-29 13:29:00,earn,,1005
901960,93,2026-07-29 13:36:00,earn,,1006
900530,29,2026-07-29 13:55:00,earn,,1010
902917,141,2026-07-29 14:04:00,redeem,1,1003
903563,178,2026-07-29 14:05:00,earn,,1002
903010,146,2026-07-29 14:07:00,redeem,5,1008
904138,205,2026-07-29 14:29:00,earn,,1005
900135,9,2026-07-29 14:31:00,earn,,1008
900456,25,2026-07-29 15:13:00,earn,,1010
900818,45,2026-07-29 16:23:00,earn,,1006
901862,90,2026-07-29 17:06:00,earn,,1007
903931,197,2026-07-29 17:07:00,earn,,1011
902330,115,2026-07-29 17:16:00,earn,,1007
900127,9,2026-07-29 17:35:00,earn,,1008
904177,207,2026-07-29 17:46:00,earn,,1002
903082,149,2026-07-29 18:25:00,earn,,1001
904332,216,2026-07-29 18:46:00,redeem,1,1003
904083,202,2026-07-29 18:48:00,earn,,1011
903914,195,2026-07-30 07:06:00,earn,,1007
900190,11,2026-07-30 07:32:00,earn,,1004
905040,255,2026-07-30 07:42:00,earn,,1010
901370,70,2026-07-30 07:42:00,earn,,1007
900232,13,2026-07-30 07:53:00,earn,,1011
901655,80,2026-07-30 08:00:00,tier_change,,1010
902212,108,2026-07-30 08:05:00,earn,,1004
903117,151,2026-07-30 08:07:00,earn,,1002
901831,89,2026-07-30 08:23:00,earn,,1006
903829,191,2026-07-30 08:31:00,earn,,1012
903191,156,2026-07-30 09:07:00,signup,,1001
904199,208,2026-07-30 09:23:00,redeem,1,1002
900002,1,2026-07-30 09:31:00,earn,,1003
904580,233,2026-07-30 10:54:00,earn,,1004
901997,96,2026-07-30 12:00:00,tier_change,,1002
902294,112,2026-07-30 12:26:00,earn,,1005
900619,32,2026-07-30 13:09:00,earn,,1010
904030,200,2026-07-30 13:55:00,earn,,1008
900253,14,2026-07-30 13:55:00,redeem,1,1010
900430,23,2026-07-30 13:57:00,earn,,1007
904270,212,2026-07-30 13:58:00,earn,,1007
903194,156,2026-07-30 14:05:00,earn,,1001
900263,15,2026-07-30 14:09:00,earn,,1001
904942,251,2026-07-30 14:12:00,earn,,1004
900585,31,2026-07-30 14:15:00,earn,,1012
904113,204,2026-07-30 14:42:00,earn,,1006
901588,79,2026-07-30 17:05:00,redeem,4,1009
902420,119,2026-07-30 17:28:00,earn,,1005
903065,148,2026-07-30 18:41:00,redeem,6,1011
902478,120,2026-07-31 07:05:00,earn,,1012
902467,120,2026-07-31 07:08:00,earn,,1012
901946,93,2026-07-31 08:05:00,earn,,1006
902796,136,2026-07-31 08:08:00,earn,,1011
901151,61,2026-07-31 08:09:00,earn,,1010
901540,78,2026-07-31 08:11:00,redeem,2,1007
904079,202,2026-07-31 08:48:00,earn,,1011
902414,119,2026-07-31 10:11:00,earn,,1005
901781,87,2026-07-31 10:37:00,earn,,1007
900239,13,2026-07-31 11:00:00,earn,,1011
902743,133,2026-07-31 11:06:00,earn,,1006
900674,35,2026-07-31 11:29:00,earn,,1009
904931,250,2026-07-31 11:35:00,earn,,1002
900820,45,2026-07-31 12:09:00,earn,,1006
900653,34,2026-07-31 12:49:00,earn,,1008
902475,120,2026-07-31 15:59:00,earn,,1012
902595,125,2026-07-31 16:16:00,earn,,1008
904368,219,2026-07-31 16:40:00,earn,,1001
904490,225,2026-07-31 16:46:00,earn,,1008
902577,124,2026-07-31 17:01:00,earn,,1010
904628,234,2026-07-31 18:01:00,earn,,1006
900944,51,2026-07-31 18:15:00,earn,,1005
900146,10,2026-07-31 18:20:00,earn,,1005
902283,111,2026-07-31 18:27:00,earn,,1011
904645,234,2026-07-31 18:38:00,redeem,5,1006
900903,48,2026-07-31 18:41:00,earn,,1004
904133,204,2026-08-01 07:04:00,redeem,5,1006
903715,186,2026-08-01 07:56:00,earn,,1011
902031,99,2026-08-01 08:03:00,earn,,1008
903908,195,2026-08-01 08:24:00,earn,,1007
903136,152,2026-08-01 08:50:00,earn,,1009
901670,82,2026-08-01 09:41:00,earn,,1003
903528,177,2026-08-01 09:58:00,earn,,1009
903510,174,2026-08-01 10:52:00,earn,,1007
900300,16,2026-08-01 11:21:00,redeem,1,1002
902768,134,2026-08-01 11:24:00,earn,,1005
905162,259,2026-08-01 11:58:00,signup,,1002
900198,11,2026-08-01 12:33:00,earn,,1004
901304,67,2026-08-01 12:49:00,earn,,1008
904086,202,2026-08-01 14:20:00,redeem,6,1011
904579,233,2026-08-01 14:34:00,earn,,1004
902885,140,2026-08-01 15:00:00,tier_change,,1011
903597,180,2026-08-01 15:24:00,earn,,1008
903942,197,2026-08-01 15:45:00,redeem,2,1011
902385,118,2026-08-01 15:51:00,earn,,1006
902921,141,2026-08-01 16:14:00,redeem,3,1003
900283,16,2026-08-01 17:05:00,earn,,1002
900310,18,2026-08-01 17:13:00,earn,,1003
902604,125,2026-08-01 17:30:00,redeem,5,1008
904085,202,2026-08-01 18:05:00,earn,,1011
903236,158,2026-08-01 18:22:00,earn,,1001
900225,12,2026-08-01 18:24:00,redeem,6,1006
900692,37,2026-08-01 18:39:00,earn,,1007
900708,38,2026-08-01 18:42:00,earn,,1007
900898,47,2026-08-02 08:03:00,earn,,1003
903774,188,2026-08-02 08:03:00,earn,,1002
905126,258,2026-08-02 08:18:00,earn,,1007
903487,171,2026-08-02 08:47:00,earn,,1002
901989,96,2026-08-02 08:59:00,earn,,1002
903323,162,2026-08-02 09:04:00,earn,,1010
905029,254,2026-08-02 10:45:00,earn,,1010
904892,249,2026-08-02 11:05:00,earn,,1004
902310,113,2026-08-02 11:14:00,earn,,1005
900159,10,2026-08-02 11:42:00,earn,,1005
904069,201,2026-08-02 11:43:00,redeem,6,1008
904353,218,2026-08-02 11:54:00,earn,,1004
900475,27,2026-08-02 12:29:00,earn,,1011
902720,132,2026-08-02 12:53:00,earn,,1003
902905,141,2026-08-02 13:16:00,earn,,1003
902391,118,2026-08-02 13:19:00,earn,,1006
904012,200,2026-08-02 13:55:00,earn,,1008
902612,126,2026-08-02 14:18:00,signup,,1002
904185,207,2026-08-02 14:43:00,earn,,1002
904381,220,2026-08-02 14:57:00,signup,,1005
900941,50,2026-08-02 15:00:00,tier_change,,1004
903192,156,2026-08-02 15:37:00,earn,,1001
902079,102,2026-08-02 16:07:00,earn,,1008
904810,246,2026-08-02 16:41:00,earn,,1010
900742,39,2026-08-02 16:47:00,earn,,1010
903286,160,2026-08-02 17:27:00,earn,,1010
903912,195,2026-08-02 18:42:00,earn,,1007
902938,142,2026-08-03 07:12:00,redeem,4,1010
903193,156,2026-08-03 07:31:00,earn,,1001
902025,97,2026-08-03 08:00:00,tier_change,,1002
901091,57,2026-08-03 08:31:00,earn,,1004
901401,71,2026-08-03 08:58:00,earn,,1001
902877,140,2026-08-03 10:31:00,redeem,3,1011
901914,92,2026-08-03 10:52:00,earn,,1010
903429,169,2026-08-03 11:53:00,earn,,1001
903142,152,2026-08-03 12:08:00,earn,,1009
903517,174,2026-08-03 12:43:00,earn,,1007
904807,245,2026-08-03 12:46:00,redeem,5,1001
900930,49,2026-08-03 12:51:00,earn,,1004
905131,258,2026-08-03 13:41:00,earn,,1007
900095,6,2026-08-03 13:54:00,signup,,1002
904277,213,2026-08-03 14:07:00,signup,,1008
903221,157,2026-08-03 14:08:00,earn,,1001
903842,192,2026-08-03 14:18:00,redeem,2,1006
904967,252,2026-08-03 14:28:00,earn,,1009
901871,91,2026-08-03 14:41:00,earn,,1009
902350,117,2026-08-03 14:53:00,earn,,1009
902615,126,2026-08-03 16:17:00,earn,,1002
901556,79,2026-08-03 17:37:00,earn,,1009
901056,55,2026-08-03 17:41:00,earn,,1011
902408,119,2026-08-03 17:44:00,earn,,1005
900236,13,2026-08-03 18:19:00,earn,,1011
900845,45,2026-08-04 07:45:00,redeem,2,1006
901090,57,2026-08-04 07:58:00,earn,,1004
901523,78,2026-08-04 08:17:00,earn,,1007
900186,11,2026-08-04 08:32:00,earn,,1004
900764,42,2026-08-04 08:41:00,earn,,1008
904519,228,2026-08-04 09:10:00,earn,,1004
903991,199,2026-08-04 10:42:00,earn,,1007
905045,255,2026-08-04 10:43:00,earn,,1010
904801,245,2026-08-04 11:07:00,earn,,1001
901662,81,2026-08-04 11:10:00,earn,,1011
903685,184,2026-08-04 11:27:00,earn,,1007
902841,139,2026-08-04 11:45:00,earn,,1012
904440,223,2026-08-04 11:59:00,earn,,1007
903718,186,2026-08-04 12:17:00,earn,,1011
901680,82,2026-08-04 13:10:00,earn,,1003
904203,209,2026-08-04 13:32:00,earn,,1003
901365,70,2026-08-04 13:57:00,earn,,1007
900078,5,2026-08-04 14:05:00,earn,,1001
902340,116,2026-08-04 14:28:00,earn,,1011
902767,134,2026-08-04 14:38:00,earn,,1005
904449,223,2026-08-04 15:00:00,tier_change,,1007
904654,235,2026-08-04 15:12:00,earn,,1009
903832,191,2026-08-04 15:41:00,earn,,1012
901053,55,2026-08-04 16:29:00,earn,,1011
904423,221,2026-08-04 16:31:00,redeem,1,1006
900896,47,2026-08-04 16:32:00,earn,,1003
900562,30,2026-08-04 17:19:00,earn,,1011
900306,18,2026-08-04 17:35:00,earn,,1003
900273,16,2026-08-04 17:58:00,earn,,1002
904354,218,2026-08-04 18:25:00,redeem,2,1004
904033,200,2026-08-04 18:57:00,redeem,4,1008
900507,28,2026-08-05 07:07:00,earn,,1001
903978,199,2026-08-05 10:26:00,earn,,1007
903440,169,2026-08-05 11:14:00,earn,,1001
902268,110,2026-08-05 11:51:00,earn,,1002
903166,154,2026-08-05 12:53:00,earn,,1011
904659,236,2026-08-05 13:11:00,earn,,1011
901232,64,2026-08-05 13:21:00,earn,,1003
901658,81,2026-08-05 13:54:00,earn,,1011
900559,30,2026-08-05 15:14:00,earn,,1011
900744,40,2026-08-05 15:15:00,earn,,1006
904529,229,2026-08-05 15:40:00,signup,,1009
903701,184,2026-08-05 16:00:00,tier_change,,1007
901297,66,2026-08-05 16:03:00,earn,,1002
901158,61,2026-08-05 16:20:00,earn,,1010
900974,52,2026-08-05 16:31:00,redeem,6,1008
901581,79,2026-08-05 16:59:00,earn,,1009
902132,104,2026-08-05 17:27:00,earn,,1011
901234,64,2026-08-05 17:40:00,earn,,1003
903254,158,2026-08-05 17:53:00,earn,,1001
904939,251,2026-08-05 18:48:00,earn,,1004
905163,259,2026-08-05 18:57:00,earn,,1002
903097,150,2026-08-06 07:27:00,earn,,1003
903415,168,2026-08-06 07:34:00,signup,,1010
902057,101,2026-08-06 08:23:00,earn,,1009
902937,142,2026-08-06 08:40:00,redeem,2,1010
901585,79,2026-08-06 08:51:00,redeem,1,1009
900367,21,2026-08-06 09:05:00,earn,,1001
901102,58,2026-08-06 09:22:00,earn,,1007
901981,96,2026-08-06 09:28:00,earn,,1002
901929,92,2026-08-06 10:00:00,earn,,1010
903961,198,2026-08-06 10:21:00,earn,,1004
903514,174,2026-08-06 10:24:00,earn,,1007
901385,70,2026-08-06 10:42:00,earn,,1007
901891,91,2026-08-06 11:16:00,earn,,1009
904809,246,2026-08-06 11:30:00,earn,,1010
900343,20,2026-08-06 11:52:00,earn,,1005
904081,202,2026-08-06 12:19:00,earn,,1011
905164,259,2026-08-06 12:35:00,earn,,1002
903735,186,2026-08-06 13:00:00,tier_change,,1011
904176,207,2026-08-06 13:02:00,earn,,1002
904077,202,2026-08-06 13:04:00,earn,,1011
900391,22,2026-08-06 14:10:00,earn,,1005
903710,186,2026-08-06 14:13:00,earn,,1011
901744,85,2026-08-06 14:26:00,earn,,1007
903655,182,2026-08-06 15:16:00,earn,,1007
902209,108,2026-08-06 15:52:00,earn,,1004
903784,189,2026-08-06 16:12:00,earn,,1001
903534,177,2026-08-06 16:20:00,earn,,1009
904351,218,2026-08-06 16:30:00,earn,,1004
900459,25,2026-08-06 17:36:00,earn,,1010
901599,80,2026-08-06 17:47:00,earn,,1010
902052,101,2026-08-06 18:01:00,earn,,1009
904442,223,2026-08-06 18:08:00,earn,,1007
902264,109,2026-08-06 18:46:00,redeem,5,1002
902726,132,2026-08-06 18:48:00,earn,,1003
902695,130,2026-08-06 18:56:00,earn,,1006
900899,47,2026-08-07 07:21:00,redeem,5,1003
902613,126,2026-08-07 07:47:00,earn,,1002
900683,36,2026-08-07 08:04:00,earn,,1002
904432,222,2026-08-07 08:23:00,earn,,1003
903147,152,2026-08-07 08:34:00,redeem,6,1009
904763,243,2026-08-07 08:53:00,earn,,1006
903320,162,2026-08-07 08:57:00,earn,,1010
901168,62,2026-08-07 09:05:00,earn,,1007
904944,251,2026-08-07 09:05:00,earn,,1004
900309,18,2026-08-07 09:17:00,earn,,1003
902383,118,2026-08-07 09:41:00,earn,,1006
904684,237,2026-08-07 10:23:00,earn,,1011
903096,150,2026-08-07 10:25:00,earn,,1003
901238,64,2026-08-07 10:26:00,earn,,1003
901819,88,2026-08-07 10:40:00,earn,,1007
903773,188,2026-08-07 10:59:00,earn,,1002
902217,108,2026-08-07 11:28:00,earn,,1004
903185,155,2026-08-07 13:15:00,earn,,1008
900168,10,2026-08-07 14:01:00,earn,,1005
902179,106,2026-08-07 14:31:00,earn,,1003
904528,228,2026-08-07 15:00:00,tier_change,,1004
902812,137,2026-08-07 15:01:00,signup,,1009
905096,257,2026-08-07 15:12:00,earn,,1002
904160,207,2026-08-07 15:37:00,earn,,1002
904655,235,2026-08-07 15:52:00,earn,,1009
900444,24,2026-08-07 15:52:00,earn,,1001
903214,157,2026-08-07 16:06:00,earn,,1001
903061,148,2026-08-07 16:07:00,earn,,1011
903506,173,2026-08-07 16:30:00,earn,,1009
904932,250,2026-08-07 16:56:00,earn,,1002
900009,1,2026-08-07 17:01:00,earn,,1003
903167,154,2026-08-07 17:03:00,earn,,1011
903703,185,2026-08-07 17:05:00,signup,,1001
902081,102,2026-08-07 17:16:00,earn,,1008
900018,2,2026-08-07 17:22:00,earn,,1002
903613,181,2026-08-07 17:32:00,earn,,1012
904567,232,2026-08-07 17:49:00,earn,,1007
903154,153,2026-08-07 18:05:00,earn,,1002
903578,179,2026-08-07 18:08:00,earn,,1003
901791,87,2026-08-07 18:28:00,earn,,1007
904140,205,2026-08-08 07:03:00,earn,,1005
903691,184,2026-08-08 07:26:00,earn,,1007
903393,166,2026-08-08 07:56:00,redeem,6,1009
901681,82,2026-08-08 08:49:00,earn,,1003
903787,189,2026-08-08 09:38:00,earn,,1001
905011,253,2026-08-08 09:38:00,redeem,3,1001
903084,149,2026-08-08 10:13:00,earn,,1001
901510,78,2026-08-08 10:14:00,earn,,1007
902534,123,2026-08-08 11:08:00,earn,,1002
904239,211,2026-08-08 11:13:00,earn,,1005
901978,95,2026-08-08 11:30:00,earn,,1011
904151,206,2026-08-08 11:30:00,earn,,1006
903041,147,2026-08-08 12:27:00,earn,,1001
901471,75,2026-08-08 13:38:00,redeem,2,1002
900462,25,2026-08-08 13:44:00,earn,,1010
904234,211,2026-08-08 13:57:00,earn,,1005
900393,22,2026-08-08 14:20:00,earn,,1005
903202,157,2026-08-08 14:26:00,earn,,1001
905079,255,2026-08-08 14:37:00,redeem,2,1010
901183,62,2026-08-08 15:08:00,earn,,1007
901240,64,2026-08-08 15:18:00,earn,,1003
900703,38,2026-08-08 15:39:00,earn,,1007
904811,246,2026-08-08 16:01:00,earn,,1010
903609,181,2026-08-08 16:47:00,earn,,1012
903446,169,2026-08-08 16:53:00,redeem,2,1001
904724,240,2026-08-08 17:21:00,earn,,1010
902800,136,2026-08-08 17:55:00,earn,,1011
901765,86,2026-08-09 07:24:00,earn,,1002
903137,152,2026-08-09 08:32:00,earn,,1009
901442,73,2026-08-09 08:40:00,earn,,1001
902737,132,2026-08-09 08:45:00,earn,,1003
902540,123,2026-08-09 09:05:00,earn,,1002
904072,201,2026-08-09 09:28:00,redeem,1,1008
904870,248,2026-08-09 09:52:00,earn,,1003
903623,181,2026-08-09 10:15:00,redeem,2,1012
900599,31,2026-08-09 10:29:00,earn,,1012
900659,34,2026-08-09 10:38:00,earn,,1008
903617,181,2026-08-09 10:40:00,earn,,1012
901211,63,2026-08-09 11:12:00,earn,,1008
903384,166,2026-08-09 11:44:00,earn,,1009
901135,60,2026-08-09 11:56:00,earn,,1008
902572,123,2026-08-09 11:59:00,redeem,2,1002
901565,79,2026-08-09 12:32:00,earn,,1009
903113,151,2026-08-09 12:35:00,earn,,1002
904358,219,2026-08-09 12:54:00,earn,,1001
905008,253,2026-08-09 12:58:00,earn,,1001
903237,158,2026-08-09 14:02:00,earn,,1001
901688,83,2026-08-09 14:35:00,earn,,1007
903178,155,2026-08-09 14:52:00,earn,,1008
901666,81,2026-08-09 15:16:00,redeem,2,1011
904692,238,2026-08-09 15:51:00,earn,,1006
902646,128,2026-08-09 16:04:00,earn,,1008
903615,181,2026-08-09 16:58:00,earn,,1012
903975,199,2026-08-09 16:59:00,earn,,1007
903523,175,2026-08-09 17:08:00,redeem,1,1010
902875,140,2026-08-09 17:33:00,redeem,5,1011
901273,65,2026-08-09 17:40:00,earn,,1009
903017,147,2026-08-09 18:25:00,earn,,1001
901618,80,2026-08-09 18:46:00,earn,,1010
903880,193,2026-08-10 07:00:00,tier_change,,1009
901233,64,2026-08-10 07:03:00,earn,,1003
901076,56,2026-08-10 07:04:00,earn,,1006
900226,12,2026-08-10 08:12:00,redeem,6,1006
903151,153,2026-08-10 08:49:00,earn,,1002
904409,221,2026-08-10 10:40:00,earn,,1006
904437,223,2026-08-10 11:08:00,earn,,1007
902142,105,2026-08-10 11:11:00,earn,,1009
901534,78,2026-08-10 11:49:00,earn,,1007
900823,45,2026-08-10 12:10:00,earn,,1006
903972,198,2026-08-10 12:41:00,redeem,2,1004
904346,218,2026-08-10 12:49:00,earn,,1004
905003,253,2026-08-10 12:52:00,earn,,1001
904697,238,2026-08-10 13:39:00,earn,,1006
901818,88,2026-08-10 13:44:00,earn,,1007
904211,209,2026-08-10 14:00:00,tier_change,,1003
904720,239,2026-08-10 14:33:00,redeem,1,1007
900008,1,2026-08-10 15:13:00,earn,,1003
900755,41,2026-08-10 15:43:00,earn,,1005
902611,125,2026-08-10 16:00:00,tier_change,,1008
901965,93,2026-08-10 16:03:00,earn,,1006
904933,250,2026-08-10 16:45:00,earn,,1002
904743,241,2026-08-10 17:10:00,earn,,1004
903310,161,2026-08-10 17:41:00,earn,,1003
900932,49,2026-08-10 17:46:00,redeem,3,1004
902396,118,2026-08-10 18:42:00,earn,,1006
903316,161,2026-08-11 07:00:00,tier_change,,1003
902814,137,2026-08-11 07:03:00,earn,,1009
904943,251,2026-08-11 08:05:00,earn,,1004
901505,77,2026-08-11 08:09:00,redeem,2,1010
901667,81,2026-08-11 08:13:00,redeem,5,1011
902644,128,2026-08-11 08:33:00,earn,,1008
901452,73,2026-08-11 09:02:00,earn,,1001
903005,145,2026-08-11 09:24:00,earn,,1008
900797,44,2026-08-11 09:39:00,earn,,1002
901820,88,2026-08-11 10:21:00,earn,,1007
903326,162,2026-08-11 10:50:00,earn,,1010
904172,207,2026-08-11 13:19:00,earn,,1002
901814,88,2026-08-11 14:06:00,earn,,1007
901941,93,2026-08-11 16:15:00,earn,,1006
903314,161,2026-08-11 16:29:00,earn,,1003
902608,125,2026-08-11 16:37:00,redeem,6,1008
900418,22,2026-08-11 17:00:00,tier_change,,1005
904649,234,2026-08-11 17:00:00,tier_change,,1006
902208,108,2026-08-11 18:09:00,earn,,1004
904130,204,2026-08-11 18:13:00,earn,,1006
904693,238,2026-08-12 08:04:00,earn,,1006
900319,20,2026-08-12 08:07:00,earn,,1005
901768,86,2026-08-12 08:22:00,redeem,2,1002
901343,69,2026-08-12 08:34:00,earn,,1002
903520,175,2026-08-12 09:36:00,earn,,1010
904223,210,2026-08-12 09:43:00,redeem,4,1004
902865,140,2026-08-12 11:26:00,earn,,1011
901052,55,2026-08-12 11:39:00,earn,,1011
903347,164,2026-08-12 11:44:00,signup,,1010
902461,120,2026-08-12 13:19:00,earn,,1012
903945,197,2026-08-12 14:00:00,tier_change,,1011
904722,240,2026-08-12 14:22:00,earn,,1010
901481,76,2026-08-12 14:29:00,earn,,1012
900813,45,2026-08-12 15:18:00,earn,,1006
903772,188,2026-08-12 15:32:00,earn,,1002
904278,213,2026-08-12 15:38:00,earn,,1008
903602,180,2026-08-12 16:00:00,tier_change,,1008
903816,190,2026-08-12 16:49:00,earn,,1002
903083,149,2026-08-12 16:54:00,earn,,1001
903492,171,2026-08-12 17:19:00,earn,,1002
902074,102,2026-08-12 17:22:00,earn,,1008
901753,85,2026-08-12 18:00:00,tier_change,,1007
900489,27,2026-08-12 18:03:00,redeem,6,1011
902376,117,2026-08-12 18:27:00,redeem,2,1009
904316,216,2026-08-12 18:40:00,earn,,1003
904926,250,2026-08-13 07:03:00,earn,,1002
903594,180,2026-08-13 07:09:00,earn,,1008
900929,49,2026-08-13 07:46:00,earn,,1004
900328,20,2026-08-13 07:50:00,earn,,1005
901806,87,2026-08-13 08:42:00,redeem,5,1007
903649,182,2026-08-13 09:00:00,earn,,1007
901502,77,2026-08-13 10:11:00,earn,,1010
902622,127,2026-08-13 10:17:00,earn,,1007
900724,38,2026-08-13 10:29:00,earn,,1007
900028,3,2026-08-13 10:58:00,earn,,1002
901828,88,2026-08-13 11:26:00,redeem,1,1007
901305,67,2026-08-13 11:28:00,earn,,1008
904020,200,2026-08-13 11:38:00,earn,,1008
901487,76,2026-08-13 11:51:00,earn,,1012
901701,83,2026-08-13 11:59:00,earn,,1007
902501,121,2026-08-13 12:40:00,earn,,1008
904740,241,2026-08-13 13:25:00,earn,,1004
902474,120,2026-08-13 14:02:00,earn,,1012
901267,65,2026-08-13 14:07:00,earn,,1009
903596,180,2026-08-13 14:43:00,earn,,1008
902616,126,2026-08-13 14:57:00,earn,,1002
901472,75,2026-08-13 17:05:00,redeem,4,1002
903595,180,2026-08-13 17:17:00,earn,,1008
901987,96,2026-08-13 18:12:00,earn,,1002
904345,218,2026-08-13 18:16:00,earn,,1004
903333,163,2026-08-13 18:42:00,earn,,1001
902544,123,2026-08-13 18:42:00,earn,,1002
900904,48,2026-08-13 18:45:00,earn,,1004
901851,89,2026-08-13 18:55:00,redeem,4,1006
900778,42,2026-08-14 08:14:00,earn,,1008
900734,38,2026-08-14 08:36:00,redeem,2,1007
900496,27,2026-08-14 10:00:00,tier_change,,1011
904836,247,2026-08-14 10:54:00,redeem,5,1001
902077,102,2026-08-14 11:16:00,earn,,1008
902008,97,2026-08-14 11:35:00,earn,,1002
900479,27,2026-08-14 11:47:00,earn,,1011
902714,131,2026-08-14 12:13:00,signup,,1010
904275,212,2026-08-14 12:18:00,redeem,1,1007
904570,232,2026-08-14 12:53:00,earn,,1007
902222,108,2026-08-14 12:56:00,earn,,1004
903493,171,2026-08-14 13:38:00,earn,,1002
904525,228,2026-08-14 13:47:00,earn,,1004
902133,104,2026-08-14 14:03:00,earn,,1011
900060,4,2026-08-14 14:53:00,earn,,1001
900001,1,2026-08-14 15:21:00,earn,,1003
900907,48,2026-08-14 15:54:00,earn,,1004
904568,232,2026-08-14 16:36:00,earn,,1007
900891,47,2026-08-14 16:39:00,earn,,1003
901265,65,2026-08-14 16:40:00,earn,,1009
902030,99,2026-08-14 16:53:00,earn,,1008
903248,158,2026-08-14 17:09:00,earn,,1001
903006,145,2026-08-14 17:19:00,earn,,1008
902813,137,2026-08-14 17:31:00,earn,,1009
900342,20,2026-08-14 17:39:00,earn,,1005
900224,12,2026-08-15 07:35:00,earn,,1006
901888,91,2026-08-15 08:03:00,earn,,1009
902393,118,2026-08-15 08:13:00,earn,,1006
903319,162,2026-08-15 08:40:00,earn,,1010
905202,260,2026-08-15 09:00:00,tier_change,,1004
901684,82,2026-08-15 09:00:00,tier_change,,1003
900828,45,2026-08-15 09:15:00,earn,,1006
903226,157,2026-08-15 10:30:00,redeem,4,1001
901587,79,2026-08-15 11:28:00,redeem,1,1009
904517,228,2026-08-15 11:32:00,earn,,1004
903216,157,2026-08-15 11:49:00,earn,,1001
900081,5,2026-08-15 12:14:00,earn,,1001
902398,118,2026-08-15 12:31:00,earn,,1006
900791,43,2026-08-15 13:01:00,earn,,1003
904707,239,2026-08-15 13:12:00,earn,,1007
901677,82,2026-08-15 13:12:00,earn,,1003
904064,201,2026-08-15 13:16:00,earn,,1008
900007,1,2026-08-15 13:22:00,earn,,1003
900626,33,2026-08-15 13:48:00,earn,,1009
902227,109,2026-08-15 13:54:00,earn,,1002
904900,249,2026-08-15 14:22:00,earn,,1004
900026,3,2026-08-15 16:17:00,earn,,1002
903171,154,2026-08-15 16:41:00,earn,,1011
903675,184,2026-08-15 17:15:00,earn,,1007
902740,132,2026-08-15 17:27:00,redeem,5,1003
900255,14,2026-08-15 18:00:00,tier_change,,1010
903688,184,2026-08-15 18:55:00,earn,,1007
905136,258,2026-08-16 07:00:00,earn,,1007
902292,112,2026-08-16 07:52:00,earn,,1005
904062,201,2026-08-16 08:05:00,earn,,1008
904949,251,2026-08-16 08:07:00,earn,,1004
900834,45,2026-08-16 08:11:00,earn,,1006
903776,188,2026-08-16 08:22:00,earn,,1002
901776,87,2026-08-16 09:20:00,earn,,1007
901918,92,2026-08-16 09:50:00,earn,,1010
902059,101,2026-08-16 10:21:00,earn,,1009
901977,95,2026-08-16 10:34:00,earn,,1011
904864,248,2026-08-16 10:52:00,earn,,1003
900575,30,2026-08-16 11:12:00,redeem,2,1011
904668,237,2026-08-16 11:13:00,earn,,1011
901759,86,2026-08-16 11:16:00,earn,,1002
901866,90,2026-08-16 12:13:00,redeem,4,1007
903348,164,2026-08-16 14:13:00,redeem,1,1010
901708,83,2026-08-16 14:22:00,earn,,1007
901974,94,2026-08-16 14:30:00,signup,,1007
900465,25,2026-08-16 14:32:00,redeem,1,1010
904037,201,2026-08-16 14:40:00,earn,,1008
902029,99,2026-08-16 15:27:00,earn,,1008
900897,47,2026-08-16 16:03:00,earn,,1003
903021,147,2026-08-16 16:18:00,earn,,1001
904496,226,2026-08-16 16:35:00,earn,,1008
904221,210,2026-08-16 16:55:00,earn,,1004
901717,84,2026-08-16 16:56:00,earn,,1001
900785,43,2026-08-16 16:56:00,earn,,1003
900284,16,2026-08-16 17:18:00,earn,,1002
900521,28,2026-08-16 17:47:00,redeem,2,1001
901003,53,2026-08-16 17:59:00,earn,,1003
900231,13,2026-08-16 17:59:00,earn,,1011
900454,24,2026-08-16 18:26:00,redeem,2,1001
903374,165,2026-08-17 07:35:00,redeem,1,1011
904964,252,2026-08-17 08:22:00,earn,,1009
903008,145,2026-08-17 09:19:00,redeem,3,1008
904557,231,2026-08-17 09:34:00,earn,,1005
901675,82,2026-08-17 10:49:00,earn,,1003
901971,93,2026-08-17 10:51:00,redeem,1,1006
900103,7,2026-08-17 12:04:00,earn,,1001
904530,229,2026-08-17 12:51:00,earn,,1009
901492,76,2026-08-17 13:15:00,earn,,1012
901856,90,2026-08-17 14:27:00,earn,,1007
901770,86,2026-08-17 15:00:00,tier_change,,1002
900055,4,2026-08-17 15:01:00,earn,,1001
903565,178,2026-08-17 15:03:00,earn,,1002
901979,95,2026-08-17 15:13:00,earn,,1011
904513,227,2026-08-17 15:38:00,earn,,1008
902014,97,2026-08-17 15:51:00,earn,,1002
900172,10,2026-08-17 15:57:00,redeem,5,1005
900346,20,2026-08-17 16:01:00,earn,,1005
904379,219,2026-08-17 16:12:00,redeem,5,1001
904512,227,2026-08-17 16:13:00,signup,,1008
900259,15,2026-08-17 16:17:00,earn,,1001
902691,130,2026-08-17 16:45:00,earn,,1006
905005,253,2026-08-17 16:46:00,earn,,1001
900534,29,2026-08-17 16:48:00,earn,,1010
900400,22,2026-08-17 17:09:00,earn,,1005
903156,153,2026-08-17 17:10:00,earn,,1002
903887,194,2026-08-17 17:37:00,earn,,1008
904799,245,2026-08-17 17:52:00,earn,,1001
904921,249,2026-08-18 07:14:00,redeem,4,1004
904728,240,2026-08-18 07:54:00,redeem,5,1010
902715,131,2026-08-18 08:02:00,earn,,1010
903058,148,2026-08-18 08:20:00,earn,,1011
900715,38,2026-08-18 09:32:00,earn,,1007
904247,212,2026-08-18 09:49:00,earn,,1007
904865,248,2026-08-18 10:21:00,earn,,1003
900792,43,2026-08-18 10:30:00,earn,,1003
901641,80,2026-08-18 10:49:00,redeem,6,1010
902353,117,2026-08-18 11:26:00,earn,,1009
904056,201,2026-08-18 12:04:00,earn,,1008
902026,98,2026-08-18 12:17:00,signup,,1001
900360,20,2026-08-18 12:19:00,redeem,1,1005
901171,62,2026-08-18 12:50:00,earn,,1007
903730,186,2026-08-18 12:54:00,redeem,4,1011
903857,193,2026-08-18 13:41:00,earn,,1009
900910,48,2026-08-18 14:07:00,earn,,1004
902285,111,2026-08-18 14:29:00,redeem,5,1011
900710,38,2026-08-18 15:06:00,earn,,1007
900466,26,2026-08-18 15:13:00,signup,,1001
901121,59,2026-08-18 15:30:00,earn,,1010
903172,154,2026-08-18 15:51:00,earn,,1011
900893,47,2026-08-18 16:13:00,earn,,1003
901794,87,2026-08-18 16:29:00,earn,,1007
900398,22,2026-08-18 17:43:00,earn,,1005
902322,114,2026-08-18 17:58:00,earn,,1009
904804,245,2026-08-18 18:05:00,earn,,1001
904147,206,2026-08-18 18:22:00,earn,,1006
901672,82,2026-08-18 18:22:00,earn,,1003
904370,219,2026-08-19 07:05:00,earn,,1001
903918,195,2026-08-19 09:05:00,earn,,1007
900921,48,2026-08-19 10:00:00,tier_change,,1004
900243,14,2026-08-19 10:23:00,earn,,1010
901497,77,2026-08-19 10:34:00,earn,,1010
902559,123,2026-08-19 11:09:00,earn,,1002
900304,17,2026-08-19 11:10:00,signup,,1003
903353,165,2026-08-19 11:18:00,earn,,1011
900441,24,2026-08-19 12:04:00,earn,,1001
903315,161,2026-08-19 12:21:00,earn,,1003
904793,244,2026-08-19 12:47:00,earn,,1002
902790,135,2026-08-19 12:52:00,earn,,1004
900931,49,2026-08-19 13:50:00,earn,,1004
903919,196,2026-08-19 13:53:00,signup,,1002
902874,140,2026-08-19 13:59:00,earn,,1011
903380,165,2026-08-19 14:00:00,tier_change,,1011
904220,210,2026-08-19 14:36:00,earn,,1004
903915,195,2026-08-19 15:09:00,earn,,1007
903571,179,2026-08-19 15:18:00,earn,,1003
903811,190,2026-08-19 15:25:00,earn,,1002
904340,217,2026-08-19 15:59:00,earn,,1007
901721,84,2026-08-19 16:42:00,earn,,1001
901638,80,2026-08-19 16:49:00,redeem,2,1010
904459,224,2026-08-19 17:01:00,earn,,1007
904514,227,2026-08-19 17:06:00,redeem,5,1008
901843,89,2026-08-19 17:18:00,earn,,1006
903582,179,2026-08-19 18:13:00,redeem,6,1003
901466,75,2026-08-20 08:23:00,earn,,1002
901788,87,2026-08-20 08:32:00,earn,,1007
902303,113,2026-08-20 09:21:00,earn,,1005
903024,147,2026-08-20 10:01:00,earn,,1001
901313,68,2026-08-20 10:37:00,earn,,1010
903318,162,2026-08-20 11:20:00,earn,,1010
900689,37,2026-08-20 11:26:00,earn,,1007
903358,165,2026-08-20 12:10:00,earn,,1011
904948,251,2026-08-20 12:17:00,earn,,1004
902386,118,2026-08-20 12:21:00,earn,,1006
901045,54,2026-08-20 12:52:00,redeem,3,1012
905092,257,2026-08-20 13:09:00,earn,,1002
901985,96,2026-08-20 13:13:00,earn,,1002
902746,133,2026-08-20 13:38:00,earn,,1006
901949,93,2026-08-20 13:56:00,earn,,1006
903618,181,2026-08-20 14:21:00,earn,,1012
902319,114,2026-08-20 14:56:00,earn,,1009
901098,57,2026-08-20 15:20:00,earn,,1004
900015,2,2026-08-20 15:24:00,earn,,1002
901994,96,2026-08-20 16:00:00,redeem,3,1002
901460,74,2026-08-20 16:17:00,earn,,1011
904803,245,2026-08-20 16:56:00,earn,,1001
900467,26,2026-08-20 17:27:00,earn,,1001
900800,44,2026-08-20 17:50:00,earn,,1002
902298,112,2026-08-21 07:04:00,redeem,3,1005
900682,36,2026-08-21 08:11:00,earn,,1002
901932,92,2026-08-21 09:03:00,earn,,1010
900446,24,2026-08-21 09:11:00,earn,,1001
902036,100,2026-08-21 09:12:00,earn,,1005
900774,42,2026-08-21 09:25:00,earn,,1008
902134,104,2026-08-21 10:16:00,earn,,1011
900230,13,2026-08-21 10:55:00,earn,,1011
902866,140,2026-08-21 10:59:00,earn,,1011
901992,96,2026-08-21 11:44:00,redeem,1,1002
902924,141,2026-08-21 12:00:00,tier_change,,1003
905189,260,2026-08-21 12:04:00,earn,,1004
903321,162,2026-08-21 12:46:00,earn,,1010
904498,226,2026-08-21 12:46:00,earn,,1008
902094,103,2026-08-21 13:54:00,earn,,1004
905017,253,2026-08-21 14:00:00,tier_change,,1001
902027,98,2026-08-21 14:10:00,redeem,4,1001
903747,187,2026-08-21 14:36:00,earn,,1008
903521,175,2026-08-21 16:33:00,earn,,1010
903003,145,2026-08-21 16:44:00,earn,,1008
904537,230,2026-08-21 16:58:00,earn,,1007
901766,86,2026-08-21 17:27:00,earn,,1002
903360,165,2026-08-21 17:58:00,earn,,1011
904202,209,2026-08-21 18:03:00,earn,,1003
904136,205,2026-08-21 18:30:00,earn,,1005
903308,161,2026-08-21 18:48:00,earn,,1003
903645,182,2026-08-22 07:11:00,earn,,1007
904556,231,2026-08-22 07:36:00,earn,,1005
900262,15,2026-08-22 07:37:00,earn,,1001
903225,157,2026-08-22 08:05:00,redeem,4,1001
903311,161,2026-08-22 09:12:00,earn,,1003
904571,232,2026-08-22 09:38:00,earn,,1007
903573,179,2026-08-22 09:54:00,earn,,1003
900992,53,2026-08-22 10:51:00,earn,,1003
902280,111,2026-08-22 10:56:00,earn,,1011
903094,150,2026-08-22 11:20:00,earn,,1003
904797,245,2026-08-22 12:02:00,earn,,1001
904725,240,2026-08-22 13:07:00,earn,,1010
904935,250,2026-08-22 13:30:00,redeem,6,1002
904021,200,2026-08-22 13:32:00,earn,,1008
902508,121,2026-08-22 14:04:00,redeem,6,1008
904789,244,2026-08-22 14:44:00,earn,,1002
902579,124,2026-08-22 16:39:00,earn,,1010
904635,234,2026-08-22 17:07:00,earn,,1006
905180,260,2026-08-22 17:55:00,earn,,1004
902455,119,2026-08-23 07:00:00,tier_change,,1005
902878,140,2026-08-23 08:12:00,redeem,4,1011
904673,237,2026-08-23 08:12:00,earn,,1011
902880,140,2026-08-23 09:07:00,redeem,1,1011
903508,173,2026-08-23 09:25:00,earn,,1009
904622,234,2026-08-23 09:32:00,earn,,1006
900967,52,2026-08-23 09:32:00,earn,,1008
900917,48,2026-08-23 09:33:00,earn,,1004
900045,4,2026-08-23 09:57:00,earn,,1001
904844,248,2026-08-23 10:01:00,earn,,1003
900657,34,2026-08-23 10:24:00,earn,,1008
902827,138,2026-08-23 10:26:00,redeem,4,1001
900051,4,2026-08-23 10:33:00,earn,,1001
901312,68,2026-08-23 11:15:00,earn,,1010
900261,15,2026-08-23 11:21:00,earn,,1001
902770,134,2026-08-23 11:41:00,earn,,1005
900155,10,2026-08-23 11:54:00,earn,,1005
900013,1,2026-08-23 12:00:00,tier_change,,1003
903526,176,2026-08-23 12:12:00,earn,,1002
902372,117,2026-08-23 12:50:00,earn,,1009
902896,141,2026-08-23 14:08:00,earn,,1003
903198,157,2026-08-23 15:09:00,earn,,1001
905139,258,2026-08-23 17:41:00,earn,,1007
901679,82,2026-08-23 17:51:00,earn,,1003
902568,123,2026-08-23 17:51:00,earn,,1002
904516,228,2026-08-23 18:03:00,earn,,1004
903901,194,2026-08-23 18:04:00,earn,,1008
903874,193,2026-08-23 18:50:00,redeem,5,1009
905132,258,2026-08-24 07:16:00,earn,,1007
901051,55,2026-08-24 07:25:00,earn,,1011
900137,9,2026-08-24 07:42:00,earn,,1008
900114,8,2026-08-24 07:53:00,earn,,1007
904473,224,2026-08-24 08:28:00,redeem,3,1007
902913,141,2026-08-24 08:33:00,redeem,6,1003
904937,250,2026-08-24 08:59:00,redeem,3,1002
900404,22,2026-08-24 09:37:00,earn,,1005
903153,153,2026-08-24 09:44:00,earn,,1002
902493,121,2026-08-24 10:19:00,earn,,1008
900486,27,2026-08-24 10:28:00,earn,,1011
904726,240,2026-08-24 10:52:00,earn,,1010
901817,88,2026-08-24 10:52:00,earn,,1007
901975,94,2026-08-24 11:07:00,earn,,1007
905022,254,2026-08-24 11:44:00,earn,,1010
901261,65,2026-08-24 11:58:00,earn,,1009
904006,199,2026-08-24 12:15:00,redeem,2,1007
904501,226,2026-08-24 12:37:00,earn,,1008
900167,10,2026-08-24 12:55:00,earn,,1005
901096,57,2026-08-24 12:57:00,earn,,1004
904344,218,2026-08-24 13:15:00,earn,,1004
904884,249,2026-08-24 13:21:00,earn,,1004
901552,79,2026-08-24 13:38:00,earn,,1009
902600,125,2026-08-24 13:41:00,earn,,1008
903507,173,2026-08-24 14:54:00,earn,,1009
904142,205,2026-08-24 15:38:00,earn,,1005
902400,118,2026-08-24 15:55:00,earn,,1006
900958,51,2026-08-24 16:03:00,earn,,1005
903121,151,2026-08-24 17:13:00,earn,,1002
900353,20,2026-08-24 17:17:00,earn,,1005
902271,111,2026-08-24 17:33:00,earn,,1011
901437,72,2026-08-24 18:00:00,tier_change,,1009
900926,49,2026-08-24 18:02:00,earn,,1004
900827,45,2026-08-24 18:55:00,earn,,1006
903313,161,2026-08-25 07:06:00,earn,,1003
901316,68,2026-08-25 07:07:00,earn,,1010
900491,27,2026-08-25 07:28:00,redeem,2,1011
904191,207,2026-08-25 07:43:00,redeem,6,1002
900481,27,2026-08-25 07:44:00,earn,,1011
901094,57,2026-08-25 07:51:00,earn,,1004
904193,208,2026-08-25 08:06:00,earn,,1002
903638,182,2026-08-25 08:11:00,earn,,1007
901458,74,2026-08-25 08:17:00,earn,,1011
901374,70,2026-08-25 08:24:00,earn,,1007
901833,89,2026-08-25 08:33:00,earn,,1006
903525,176,2026-08-25 08:56:00,earn,,1002
900247,14,2026-08-25 09:09:00,earn,,1010
901846,89,2026-08-25 09:13:00,earn,,1006
901303,67,2026-08-25 09:19:00,earn,,1008
902477,120,2026-08-25 09:34:00,earn,,1012
904548,231,2026-08-25 09:39:00,earn,,1005
900938,50,2026-08-25 09:50:00,earn,,1004
903011,146,2026-08-25 10:00:00,tier_change,,1008
901065,56,2026-08-25 10:12:00,earn,,1006
904526,228,2026-08-25 10:20:00,redeem,1,1004
902727,132,2026-08-25 10:42:00,earn,,1003
901414,71,2026-08-25 10:59:00,earn,,1001
905157,258,2026-08-25 11:10:00,redeem,6,1007
900010,1,2026-08-25 11:18:00,earn,,1003
900453,24,2026-08-25 11:33:00,earn,,1001
903411,167,2026-08-25 12:40:00,earn,,1008
905084,256,2026-08-25 12:56:00,earn,,1005
900482,27,2026-08-25 14:48:00,earn,,1011
905172,260,2026-08-25 14:55:00,earn,,1004
903530,177,2026-08-25 15:29:00,earn,,1009
902218,108,2026-08-25 15:58:00,earn,,1004
901131,60,2026-08-25 16:00:00,earn,,1008
904936,250,2026-08-25 16:01:00,redeem,3,1002
904686,237,2026-08-25 16:40:00,redeem,2,1011
903535,177,2026-08-25 17:21:00,earn,,1009
900381,21,2026-08-25 17:31:00,earn,,1001
904700,238,2026-08-25 17:33:00,earn,,1006
901498,77,2026-08-25 17:51:00,earn,,1010
900165,10,2026-08-25 18:13:00,earn,,1005
901543,78,2026-08-26 07:00:00,tier_change,,1007
903664,183,2026-08-26 07:06:00,earn,,1001
900874,46,2026-08-26 07:21:00,earn,,1005
903338,163,2026-08-26 07:26:00,earn,,1001
903264,158,2026-08-26 08:17:00,redeem,4,1001
904735,241,2026-08-26 09:35:00,earn,,1004
903833,191,2026-08-26 10:31:00,earn,,1012
904383,220,2026-08-26 11:15:00,redeem,5,1005
905141,258,2026-08-26 11:49:00,earn,,1007
901659,81,2026-08-26 12:27:00,earn,,1011
904717,239,2026-08-26 13:06:00,earn,,1007
904198,208,2026-08-26 13:36:00,earn,,1002
902487,121,2026-08-26 14:52:00,earn,,1008
900161,10,2026-08-26 14:59:00,earn,,1005
901503,77,2026-08-26 15:03:00,earn,,1010
904929,250,2026-08-26 15:08:00,earn,,1002
903396,167,2026-08-26 15:19:00,earn,,1008
902911,141,2026-08-26 16:00:00,earn,,1003
902136,104,2026-08-26 16:00:00,tier_change,,1011
903231,157,2026-08-26 16:22:00,redeem,2,1001
900307,18,2026-08-26 16:34:00,earn,,1003
903989,199,2026-08-26 17:10:00,earn,,1007
900918,48,2026-08-26 17:38:00,earn,,1004
904382,220,2026-08-26 18:11:00,earn,,1005
902269,110,2026-08-26 18:15:00,earn,,1002
903280,159,2026-08-26 18:22:00,earn,,1007
902331,115,2026-08-27 07:05:00,earn,,1007
900909,48,2026-08-27 07:35:00,earn,,1004
900691,37,2026-08-27 08:00:00,earn,,1007
904607,233,2026-08-27 08:07:00,earn,,1004
905099,257,2026-08-27 08:10:00,earn,,1002
904585,233,2026-08-27 09:07:00,earn,,1004
902287,111,2026-08-27 09:47:00,redeem,5,1011
900460,25,2026-08-27 10:28:00,earn,,1010
903416,168,2026-08-27 10:41:00,redeem,1,1010
903498,171,2026-08-27 11:15:00,earn,,1002
903103,150,2026-08-27 11:30:00,earn,,1003
904109,203,2026-08-27 11:40:00,redeem,4,1002
902891,141,2026-08-27 12:03:00,earn,,1003
902314,113,2026-08-27 12:32:00,redeem,2,1005
903309,161,2026-08-27 13:02:00,earn,,1003
903504,172,2026-08-27 13:10:00,signup,,1006
900234,13,2026-08-27 13:15:00,earn,,1011
900621,32,2026-08-27 13:40:00,earn,,1010
903139,152,2026-08-27 15:52:00,earn,,1009
900366,21,2026-08-27 16:11:00,earn,,1001
901712,83,2026-08-27 16:11:00,redeem,2,1007
901184,62,2026-08-27 16:20:00,earn,,1007
901748,85,2026-08-27 17:08:00,earn,,1007
902389,118,2026-08-27 17:31:00,earn,,1006
904794,244,2026-08-27 17:52:00,earn,,1002
904215,210,2026-08-27 17:52:00,earn,,1004
903702,184,2026-08-28 07:00:00,tier_change,,1007
900265,15,2026-08-28 07:31:00,earn,,1001
902211,108,2026-08-28 08:08:00,earn,,1004
901645,80,2026-08-28 08:42:00,redeem,1,1010
901709,83,2026-08-28 09:13:00,earn,,1007
903553,178,2026-08-28 09:19:00,earn,,1002
904930,250,2026-08-28 09:22:00,earn,,1002
901061,56,2026-08-28 09:29:00,earn,,1006
903402,167,2026-08-28 10:24:00,earn,,1008
901031,54,2026-08-28 10:55:00,earn,,1012
901775,87,2026-08-28 11:22:00,earn,,1007
902178,106,2026-08-28 13:19:00,earn,,1003
900939,50,2026-08-28 13:19:00,redeem,6,1004
901827,88,2026-08-28 13:53:00,redeem,3,1007
903681,184,2026-08-28 14:11:00,earn,,1007
901839,89,2026-08-28 14:17:00,earn,,1006
903698,184,2026-08-28 16:38:00,redeem,2,1007
902328,115,2026-08-28 17:11:00,earn,,1007
900722,38,2026-08-28 17:36:00,earn,,1007
902614,126,2026-08-28 17:45:00,earn,,1002
904310,215,2026-08-28 18:04:00,earn,,1005
903342,163,2026-08-28 18:32:00,earn,,1001
902433,119,2026-08-28 18:37:00,earn,,1005
900954,51,2026-08-28 18:38:00,earn,,1005
900775,42,2026-08-28 18:39:00,earn,,1008
900317,19,2026-08-28 18:52:00,earn,,1007
904076,202,2026-08-28 18:58:00,earn,,1011
904824,247,2026-08-29 07:25:00,earn,,1001
902623,127,2026-08-29 07:43:00,earn,,1007
901455,73,2026-08-29 07:58:00,redeem,2,1001
905081,255,2026-08-29 08:00:00,tier_change,,1010
904431,222,2026-08-29 08:04:00,earn,,1003
903672,183,2026-08-29 08:42:00,redeem,2,1001
902267,110,2026-08-29 09:26:00,earn,,1002
900004,1,2026-08-29 09:50:00,earn,,1003
904984,253,2026-08-29 11:42:00,earn,,1001
901464,75,2026-08-29 12:38:00,earn,,1002
902933,142,2026-08-29 12:52:00,earn,,1010
903114,151,2026-08-29 12:59:00,earn,,1002
902320,114,2026-08-29 13:22:00,earn,,1009
900854,45,2026-08-29 14:00:00,tier_change,,1006
905083,256,2026-08-29 14:02:00,earn,,1005
902564,123,2026-08-29 14:37:00,earn,,1002
900477,27,2026-08-29 14:51:00,earn,,1011
900887,46,2026-08-29 15:14:00,redeem,4,1005
903056,148,2026-08-29 15:15:00,earn,,1011
902044,100,2026-08-29 15:27:00,redeem,1,1005
903383,166,2026-08-29 15:57:00,earn,,1009
903689,184,2026-08-29 16:09:00,earn,,1007
904998,253,2026-08-29 16:45:00,earn,,1001
901840,89,2026-08-29 18:17:00,earn,,1006
903982,199,2026-08-29 18:43:00,earn,,1007
